frame,time_ns,distance_angstrom,axis_angle_deg
0,0.000000,6.632016,67.075078
1,0.100000,7.090976,70.424136
2,0.200000,7.340219,65.427691
3,0.300000,7.003821,65.837428
4,0.400000,7.400860,69.524377
5,0.500000,6.918051,72.659383
6,0.600000,7.254426,71.403236
7,0.700000,7.178777,73.045217
8,0.800000,7.374538,70.004639
9,0.900000,7.257628,69.125325
10,1.000000,7.351616,63.034326
11,1.100000,7.204854,67.981282
12,1.200000,6.940387,70.608135
13,1.300000,7.194456,69.473816
14,1.400000,6.813441,68.641944
15,1.500000,6.876276,71.854934
16,1.600000,6.982579,71.193224
17,1.700000,7.269965,72.204005
18,1.800000,6.722597,69.357516
19,1.900000,6.784602,74.558830
20,2.000000,7.404603,69.774412
21,2.100000,6.980705,70.956528
22,2.200000,7.103902,71.529063
23,2.300000,7.457755,65.286701
24,2.400000,7.727749,72.386742
25,2.500000,6.954282,73.194818
26,2.600000,6.875602,65.858523
27,2.700000,7.074404,73.202154
28,2.800000,7.422791,71.964566
29,2.900000,7.287573,67.813702
30,3.000000,7.229289,73.266974
31,3.100000,7.705733,72.936555
32,3.200000,7.501931,69.194025
33,3.300000,7.241877,73.110760
34,3.400000,7.013890,71.302949
35,3.500000,7.176107,74.394960
36,3.600000,7.456930,71.185913
37,3.700000,7.645620,75.112326
38,3.800000,6.933705,69.697801
39,3.900000,7.226300,75.341011
40,4.000000,7.098682,72.734548
41,4.100000,7.415280,71.444783
42,4.200000,7.122861,73.779408
43,4.300000,7.372048,73.062001
44,4.400000,7.221669,68.584542
45,4.500000,6.643118,69.869456
46,4.600000,7.097447,68.152280
47,4.700000,7.002197,75.853923
48,4.800000,6.851910,67.654105
49,4.900000,6.882951,73.626292
50,5.000000,7.185140,76.520842
51,5.100000,7.408711,79.127800
52,5.200000,7.162447,73.928025
53,5.300000,7.191768,75.075154
54,5.400000,7.137383,75.027462
55,5.500000,7.213952,73.750563
56,5.600000,7.002833,74.757404
57,5.700000,6.953775,70.557638
58,5.800000,7.219740,72.484193
59,5.900000,6.947286,73.123188
60,6.000000,6.862898,75.602589
61,6.100000,6.997033,71.760611
62,6.200000,7.174441,70.433512
63,6.300000,7.186278,73.028799
64,6.400000,7.010605,71.178659
65,6.500000,6.886625,72.897170
66,6.600000,7.368280,74.335034
67,6.700000,7.321448,68.922835
68,6.800000,7.067948,66.120647
69,6.900000,7.203953,74.546856
70,7.000000,7.168940,68.968286
71,7.100000,7.247306,69.387150
72,7.200000,7.541176,74.066169
73,7.300000,7.216520,72.584993
74,7.400000,7.060337,72.096274
75,7.500000,7.318996,73.489599
76,7.600000,6.896566,72.709999
77,7.700000,7.232449,72.673923
78,7.800000,6.965768,71.522176
79,7.900000,7.439634,73.248848
80,8.000000,7.544269,73.057327
81,8.100000,7.222790,71.027907
82,8.200000,7.385775,71.283341
83,8.300000,7.098911,73.296342
84,8.400000,7.107268,72.178379
85,8.500000,7.134373,72.622570
86,8.600000,7.050318,65.248657
87,8.700000,7.356591,68.228151
88,8.800000,6.701853,68.111096
89,8.900000,6.524907,68.807212
90,9.000000,6.996223,69.634637
91,9.100000,7.007844,67.042238
92,9.200000,6.997168,73.718893
93,9.300000,7.450182,66.580344
94,9.400000,6.982137,66.504139
95,9.500000,7.304929,69.165510
96,9.600000,6.890587,68.419587
97,9.700000,7.158441,70.505128
98,9.800000,6.926799,67.092899
99,9.900000,7.421814,69.775576
100,10.000000,7.261172,68.023074
101,10.100000,6.802856,64.933236
102,10.200000,6.827555,70.149078
103,10.300000,7.439640,72.272086
104,10.400000,7.309087,65.935728
105,10.500000,7.294350,73.519063
106,10.600000,6.943307,71.355148
107,10.700000,6.896774,71.703278
108,10.800000,7.110293,72.524152
109,10.900000,6.755775,75.407228
110,11.000000,6.968042,73.966976
111,11.100000,7.128964,72.184348
112,11.200000,7.161007,73.610550
113,11.300000,7.106849,72.054124
114,11.400000,7.041777,76.129542
115,11.500000,6.742904,72.070757
116,11.600000,6.921854,66.209519
117,11.700000,6.819794,65.338835
118,11.800000,6.996862,68.009093
119,11.900000,6.725586,72.876082
120,12.000000,7.253664,69.445096
121,12.100000,6.801385,68.886498
122,12.200000,7.208747,69.680914
123,12.300000,7.174484,68.568843
124,12.400000,7.143935,67.271762
125,12.500000,6.870928,67.500081
126,12.600000,7.196236,69.872849
127,12.700000,7.371693,72.509102
128,12.800000,7.193981,70.027493
129,12.900000,7.226746,72.215926
130,13.000000,7.366170,72.967076
131,13.100000,6.864953,72.194587
132,13.200000,7.298727,71.910453
133,13.300000,7.318990,73.722479
134,13.400000,6.608545,72.333405
135,13.500000,7.431998,75.403693
136,13.600000,6.671594,74.879093
137,13.700000,6.880029,74.667187
138,13.800000,7.255746,67.619812
139,13.900000,7.154575,74.421452
140,14.000000,6.975444,75.835346
141,14.100000,6.985578,73.653254
142,14.200000,6.694426,70.491688
143,14.300000,7.091678,70.610736
144,14.400000,6.982109,71.888922
145,14.500000,7.105375,72.913847
146,14.600000,7.085240,72.123488
147,14.700000,6.997229,71.068215
148,14.800000,7.316330,74.458330
149,14.900000,7.045566,71.445841
150,15.000000,7.128139,76.616477
151,15.100000,6.829845,74.688796
152,15.200000,7.057441,71.350876
153,15.300000,6.687422,67.561492
154,15.400000,7.015129,71.278406
155,15.500000,7.044896,70.768150
156,15.600000,7.403334,74.356741
157,15.700000,6.894211,69.066509
158,15.800000,6.903319,73.861217
159,15.900000,7.244257,73.708733
160,16.000000,7.026865,73.036427
161,16.100000,6.955050,76.733804
162,16.200000,7.096460,68.894672
163,16.300000,7.369174,71.426625
164,16.400000,7.126328,72.161347
165,16.500000,6.939013,70.344672
166,16.600000,7.014653,70.531195
167,16.700000,6.964785,69.528255
168,16.800000,7.027220,76.931481
169,16.900000,6.967427,71.741333
170,17.000000,7.076653,67.584245
171,17.100000,7.090034,66.891216
172,17.200000,7.150748,69.314478
173,17.300000,6.943185,65.645105
174,17.400000,7.020810,67.192125
175,17.500000,7.093106,70.652229
176,17.600000,6.871771,67.924677
177,17.700000,6.972533,70.330129
178,17.800000,6.700640,65.969566
179,17.900000,6.657526,70.730497
180,18.000000,7.017881,71.142670
181,18.100000,7.347860,66.829472
182,18.200000,6.781414,73.723845
183,18.300000,7.205736,67.336831
184,18.400000,6.894466,69.511878
185,18.500000,6.591715,68.351003
186,18.600000,6.856262,63.525608
187,18.700000,6.725135,68.728660
188,18.800000,6.844434,73.448525
189,18.900000,6.786849,66.064582
190,19.000000,7.004013,66.769681
191,19.100000,6.912140,65.314775
192,19.200000,7.105394,66.008432
193,19.300000,7.396879,70.965429
194,19.400000,7.092349,66.048871
195,19.500000,7.124102,64.949723
196,19.600000,6.836787,67.046397
197,19.700000,7.089791,70.103313
198,19.800000,6.713925,65.796218
199,19.900000,7.129356,69.930373
200,20.000000,7.184708,65.976897
201,20.100000,6.845282,69.423941
202,20.200000,6.782669,69.548000
203,20.300000,6.827440,67.320466
204,20.400000,6.686261,68.363646
205,20.500000,6.929953,70.555731
206,20.600000,6.958497,70.256426
207,20.700000,7.210177,74.633126
208,20.800000,7.270035,70.181961
209,20.900000,6.933839,68.440877
210,21.000000,6.979115,69.189578
211,21.100000,7.133718,68.742784
212,21.200000,6.898733,68.168308
213,21.300000,7.049188,65.391852
214,21.400000,6.947759,66.268811
215,21.500000,6.755579,71.647072
216,21.600000,6.658092,66.944116
217,21.700000,6.822214,69.424482
218,21.800000,6.873546,72.061910
219,21.900000,7.112409,71.306155
220,22.000000,7.029510,71.735118
221,22.100000,7.109720,74.957151
222,22.200000,7.292307,72.804723
223,22.300000,6.680017,68.969589
224,22.400000,7.011737,70.339826
225,22.500000,7.028854,69.997332
226,22.600000,6.740326,71.398189
227,22.700000,6.645458,71.157261
228,22.800000,6.773824,71.715006
229,22.900000,7.065671,74.166516
230,23.000000,6.860466,70.217092
231,23.100000,6.768278,69.076971
232,23.200000,6.953278,75.486282
233,23.300000,6.913740,71.600676
234,23.400000,6.992235,69.917824
235,23.500000,6.799466,73.110241
236,23.600000,6.812768,69.696408
237,23.700000,6.999854,68.983010
238,23.800000,6.964770,70.750959
239,23.900000,7.134163,66.212787
240,24.000000,7.107794,71.380497
241,24.100000,7.051235,69.013602
242,24.200000,7.023790,71.531896
243,24.300000,6.794308,72.039074
244,24.400000,7.026687,67.101824
245,24.500000,6.732829,68.893947
246,24.600000,6.991366,70.959946
247,24.700000,7.100172,72.690087
248,24.800000,7.054785,73.446636
249,24.900000,6.968838,71.734056
250,25.000000,6.945382,76.579535
251,25.100000,6.999359,70.787490
252,25.200000,7.110809,76.042485
253,25.300000,7.166631,70.452678
254,25.400000,7.141634,68.595987
255,25.500000,6.889590,67.867046
256,25.600000,6.848262,67.101674
257,25.700000,6.960349,65.042247
258,25.800000,6.731831,66.864752
259,25.900000,7.007349,68.821549
260,26.000000,7.067167,71.035744
261,26.100000,7.229916,69.278329
262,26.200000,7.236121,68.149101
263,26.300000,6.926809,65.976906
264,26.400000,7.455839,69.702141
265,26.500000,7.177721,64.942089
266,26.600000,7.157960,72.723903
267,26.700000,6.847421,66.800275
268,26.800000,6.934805,68.692186
269,26.900000,7.080557,67.218685
270,27.000000,7.264113,69.415186
271,27.100000,6.678850,67.948063
272,27.200000,7.361674,66.474965
273,27.300000,7.465091,65.188180
274,27.400000,7.142595,72.658784
275,27.500000,7.182383,70.296382
276,27.600000,7.011606,68.337218
277,27.700000,7.127976,69.100462
278,27.800000,7.080774,70.860974
279,27.900000,7.063491,69.154373
280,28.000000,7.350541,68.641694
281,28.100000,6.681785,69.503830
282,28.200000,7.006345,69.566244
283,28.300000,6.854593,68.936568
284,28.400000,6.938405,67.457477
285,28.500000,6.647741,68.088082
286,28.600000,7.129404,66.133248
287,28.700000,6.881763,67.741794
288,28.800000,6.890633,67.952267
289,28.900000,6.933338,66.694695
290,29.000000,6.671653,70.166026
291,29.100000,7.152514,68.590955
292,29.200000,7.052937,67.809585
293,29.300000,7.018690,71.387428
294,29.400000,7.164099,66.075641
295,29.500000,6.937091,65.108842
296,29.600000,7.048179,68.191868
297,29.700000,6.948590,65.387320
298,29.800000,6.882505,69.319727
299,29.900000,6.752381,64.759513
300,30.000000,6.860480,67.038643
301,30.100000,7.201612,68.032889
302,30.200000,7.007878,69.488125
303,30.300000,6.859292,66.780017
304,30.400000,7.040353,64.794391
305,30.500000,7.134317,66.020270
306,30.600000,6.928952,65.631746
307,30.700000,6.856400,68.231977
308,30.800000,6.934413,71.034208
309,30.900000,6.800302,69.219396
310,31.000000,6.773893,71.287521
311,31.100000,7.093612,69.976913
312,31.200000,6.866033,67.780533
313,31.300000,6.628174,70.954586
314,31.400000,7.006254,71.727298
315,31.500000,7.042863,66.872800
316,31.600000,6.981401,64.284218
317,31.700000,7.135098,62.710772
318,31.800000,6.769116,65.054298
319,31.900000,7.162876,67.644761
320,32.000000,6.479786,64.443541
321,32.100000,6.498359,65.621894
322,32.200000,6.639003,69.633358
323,32.300000,7.139922,68.969983
324,32.400000,6.726900,67.562590
325,32.500000,6.867227,64.465926
326,32.600000,7.157600,68.150926
327,32.700000,6.920547,65.114965
328,32.800000,6.821216,62.655903
329,32.900000,7.187351,70.655691
330,33.000000,6.909775,65.652899
331,33.100000,6.991356,65.734976
332,33.200000,6.772975,65.581962
333,33.300000,7.013841,65.585355
334,33.400000,6.852227,66.050732
335,33.500000,7.000577,64.583715
336,33.600000,7.048383,68.081003
337,33.700000,6.621630,64.485267
338,33.800000,6.587088,70.586814
339,33.900000,6.899234,69.237838
340,34.000000,7.000133,70.169585
341,34.100000,6.962559,66.013324
342,34.200000,6.625532,66.300454
343,34.300000,6.508816,68.647768
344,34.400000,6.836064,67.722261
345,34.500000,6.776332,61.691507
346,34.600000,6.900794,66.369996
347,34.700000,6.631760,64.934346
348,34.800000,7.099351,73.388766
349,34.900000,7.038031,69.124467
350,35.000000,6.989287,62.784622
351,35.100000,6.837313,69.078099
352,35.200000,6.845002,66.211686
353,35.300000,6.936586,64.920177
354,35.400000,6.749553,70.081269
355,35.500000,6.656476,69.784428
356,35.600000,6.827178,73.995329
357,35.700000,6.919508,70.142536
358,35.800000,7.023632,68.538087
359,35.900000,6.795536,69.009304
360,36.000000,7.058496,70.994556
361,36.100000,6.832699,67.800734
362,36.200000,6.896349,75.422789
363,36.300000,6.893597,69.112947
364,36.400000,7.012991,70.814793
365,36.500000,6.571363,70.425218
366,36.600000,6.748499,68.017262
367,36.700000,6.852577,66.355385
368,36.800000,6.733692,69.818334
369,36.900000,6.824736,66.828760
370,37.000000,6.825623,68.032443
371,37.100000,7.014974,70.933417
372,37.200000,6.876921,72.191813
373,37.300000,6.832748,72.697850
374,37.400000,7.088046,69.670625
375,37.500000,6.991457,67.732786
376,37.600000,7.032984,67.507257
377,37.700000,6.907990,67.037195
378,37.800000,6.949795,66.442554
379,37.900000,6.937007,72.632430
380,38.000000,6.689449,67.316373
381,38.100000,7.051030,73.769813
382,38.200000,6.935657,70.333212
383,38.300000,6.849239,68.175681
384,38.400000,7.079292,70.644434
385,38.500000,6.938527,64.349603
386,38.600000,6.785101,72.402157
387,38.700000,7.089637,68.992542
388,38.800000,7.184151,67.021800
389,38.900000,6.984738,66.365385
390,39.000000,7.261770,65.910237
391,39.100000,6.773816,66.549796
392,39.200000,7.235733,67.232746
393,39.300000,6.855330,68.504962
394,39.400000,6.921297,70.840384
395,39.500000,6.631062,69.706592
396,39.600000,6.970564,67.426803
397,39.700000,6.791153,68.534209
398,39.800000,7.369847,71.104592
399,39.900000,7.104289,66.981327
400,40.000000,7.054724,72.182879
401,40.100000,7.010583,68.427043
402,40.200000,7.313984,66.125041
403,40.300000,7.267802,68.595961
404,40.400000,6.996805,69.074980
405,40.500000,6.718927,68.605662
406,40.600000,7.211261,65.735354
407,40.700000,7.002036,68.162199
408,40.800000,6.898899,67.209441
409,40.900000,6.831009,68.202808
410,41.000000,6.844421,62.332903
411,41.100000,7.028622,70.999253
412,41.200000,6.743021,68.699003
413,41.300000,7.046010,68.894832
414,41.400000,7.002263,65.211232
415,41.500000,6.646244,67.829974
416,41.600000,7.097079,66.843365
417,41.700000,6.924499,66.216314
418,41.800000,7.141919,73.046261
419,41.900000,6.934963,66.973067
420,42.000000,7.061586,68.372072
421,42.100000,6.967597,66.543253
422,42.200000,6.823334,62.599943
423,42.300000,7.390066,68.961402
424,42.400000,7.417749,66.922876
425,42.500000,7.419376,67.027998
426,42.600000,7.629310,72.845106
427,42.700000,7.306256,69.905437
428,42.800000,7.252651,65.246528
429,42.900000,7.642620,68.595187
430,43.000000,7.592753,68.715875
431,43.100000,7.324887,65.743394
432,43.200000,7.578549,71.899137
433,43.300000,7.254385,68.428519
434,43.400000,7.503989,66.615462
435,43.500000,7.276537,68.231398
436,43.600000,7.129470,68.981036
437,43.700000,7.376278,67.330883
438,43.800000,7.630204,68.391701
439,43.900000,7.265842,68.715318
440,44.000000,7.436847,69.421789
441,44.100000,7.474039,71.786379
442,44.200000,7.322350,66.802784
443,44.300000,7.480579,65.738902
444,44.400000,7.744976,70.431579
445,44.500000,7.273246,68.547353
446,44.600000,7.367158,67.292009
447,44.700000,7.191455,65.217998
448,44.800000,7.339849,66.555821
449,44.900000,7.034832,66.788298
450,45.000000,7.434550,64.308607
451,45.100000,7.315142,68.369752
452,45.200000,7.404684,67.204132
453,45.300000,7.332230,66.244771
454,45.400000,7.007105,68.169484
455,45.500000,6.949136,67.899960
456,45.600000,7.159081,68.208636
457,45.700000,7.098679,67.447033
458,45.800000,6.842959,68.592036
459,45.900000,6.835967,68.226930
460,46.000000,7.129394,69.478584
461,46.100000,6.915916,70.796553
462,46.200000,6.879333,70.339389
463,46.300000,7.097774,69.975783
464,46.400000,7.190939,62.815617
465,46.500000,7.009959,66.668832
466,46.600000,6.971277,62.739603
467,46.700000,6.994960,65.834927
468,46.800000,7.082019,67.907652
469,46.900000,7.010937,68.506263
470,47.000000,7.280749,71.061250
471,47.100000,7.036973,71.228430
472,47.200000,6.833830,67.069130
473,47.300000,7.208404,73.974758
474,47.400000,7.274595,69.031379
475,47.500000,7.334349,62.113178
476,47.600000,7.201441,66.714424
477,47.700000,7.064077,68.187466
478,47.800000,7.346278,69.055732
479,47.900000,6.999728,66.311478
480,48.000000,7.145913,70.745340
481,48.100000,7.067638,64.888797
482,48.200000,6.991420,69.437644
483,48.300000,7.256327,65.646880
484,48.400000,7.189506,70.447532
485,48.500000,7.097911,71.495037
486,48.600000,7.355893,72.974634
487,48.700000,7.550838,67.872504
488,48.800000,7.208092,71.334219
489,48.900000,7.076260,66.492128
490,49.000000,7.024115,67.772258
491,49.100000,7.382630,71.458355
492,49.200000,7.224722,67.890651
493,49.300000,6.933872,65.002773
494,49.400000,7.399500,67.055341
495,49.500000,7.276279,63.771457
496,49.600000,7.272042,66.460632
497,49.700000,6.926394,66.857660
498,49.800000,7.030573,70.516998
499,49.900000,7.307754,67.764103
500,50.000000,6.860073,71.048576
501,50.100000,7.407067,67.030250
502,50.200000,7.289635,69.283319
503,50.300000,7.235570,69.444327
504,50.400000,7.229950,69.515607
505,50.500000,7.319896,67.606043
506,50.600000,7.160214,68.926907
507,50.700000,6.935786,70.799144
508,50.800000,6.934044,68.703236
509,50.900000,7.146021,69.478506
510,51.000000,7.016115,69.456859
511,51.100000,7.034878,67.339008
512,51.200000,7.284598,67.729602
513,51.300000,6.783091,60.670558
514,51.400000,6.948441,67.339342
515,51.500000,7.063725,69.269273
516,51.600000,6.967671,67.166569
517,51.700000,7.006653,69.894249
518,51.800000,7.037858,61.378544
519,51.900000,7.036730,68.188488
520,52.000000,6.901871,69.205596
521,52.100000,7.302891,69.159937
522,52.200000,6.774264,62.738800
523,52.300000,7.002344,67.837451
524,52.400000,7.129313,69.425356
525,52.500000,6.946475,67.114457
526,52.600000,6.647707,66.101399
527,52.700000,7.008916,68.111505
528,52.800000,7.015636,63.035148
529,52.900000,7.228489,67.798739
530,53.000000,6.857697,67.273412
531,53.100000,7.102891,63.228162
532,53.200000,6.974369,64.570376
533,53.300000,6.839265,68.706310
534,53.400000,7.086059,67.249549
535,53.500000,7.177124,72.245867
536,53.600000,7.311698,67.263712
537,53.700000,7.261710,66.464991
538,53.800000,6.905520,67.777878
539,53.900000,7.239102,65.654906
540,54.000000,7.186083,64.428731
541,54.100000,7.308283,67.506266
542,54.200000,7.002577,66.504354
543,54.300000,6.948673,70.091815
544,54.400000,7.292944,67.815438
545,54.500000,6.777445,70.636921
546,54.600000,7.263508,66.696415
547,54.700000,7.262796,69.713009
548,54.800000,7.379545,67.272684
549,54.900000,7.267723,69.784362
550,55.000000,7.429996,71.288239
551,55.100000,6.795494,71.401555
552,55.200000,7.084642,67.000175
553,55.300000,6.991197,70.690646
554,55.400000,7.180657,67.807949
555,55.500000,7.307508,69.089388
556,55.600000,6.915354,64.615999
557,55.700000,7.214245,66.903979
558,55.800000,6.805667,68.406405
559,55.900000,7.152276,67.561928
560,56.000000,6.940049,67.433052
561,56.100000,7.365494,66.258980
562,56.200000,7.657475,63.459520
563,56.300000,6.988541,65.728263
564,56.400000,6.766547,62.379654
565,56.500000,6.998330,66.428626
566,56.600000,6.929222,64.015848
567,56.700000,6.812903,64.078982
568,56.800000,6.855325,65.518698
569,56.900000,6.885890,63.801175
570,57.000000,7.018169,65.178862
571,57.100000,7.066967,66.017992
572,57.200000,7.223348,69.820586
573,57.300000,6.914942,71.192501
574,57.400000,7.323796,67.597444
575,57.500000,7.217629,66.227791
576,57.600000,6.842715,69.522085
577,57.700000,6.711544,64.204535
578,57.800000,6.834409,69.813845
579,57.900000,7.117803,73.330039
580,58.000000,7.028314,65.756023
581,58.100000,6.718345,72.390242
582,58.200000,6.876139,70.771662
583,58.300000,6.907972,69.768986
584,58.400000,6.976196,67.522480
585,58.500000,7.082540,69.964520
586,58.600000,6.904519,70.379659
587,58.700000,6.846677,67.744321
588,58.800000,6.676444,66.691609
589,58.900000,6.658478,70.366863
590,59.000000,6.952461,68.695882
591,59.100000,6.963335,68.812931
592,59.200000,6.560648,73.625931
593,59.300000,6.753401,71.807819
594,59.400000,7.025066,67.230100
595,59.500000,6.986425,64.638234
596,59.600000,6.783400,72.114456
597,59.700000,6.767924,69.208729
598,59.800000,6.914403,67.100227
599,59.900000,6.835888,70.040870
600,60.000000,6.790239,69.331299
601,60.100000,6.904558,64.209099
602,60.200000,6.912606,68.514419
603,60.300000,7.040031,66.606244
604,60.400000,7.076246,69.843643
605,60.500000,6.943586,72.370627
606,60.600000,6.846503,66.829129
607,60.700000,6.883192,65.230960
608,60.800000,7.033570,67.950733
609,60.900000,6.583340,68.228465
610,61.000000,6.764015,68.222818
611,61.100000,7.029896,70.623507
612,61.200000,6.833506,66.781065
613,61.300000,7.265199,70.926025
614,61.400000,6.870268,70.916823
615,61.500000,6.986349,68.802767
616,61.600000,7.108772,69.754432
617,61.700000,6.534581,70.096530
618,61.800000,6.647175,70.897003
619,61.900000,6.730585,70.422737
620,62.000000,6.726701,69.974209
621,62.100000,6.928827,69.450354
622,62.200000,6.987700,69.483127
623,62.300000,6.908766,65.841390
624,62.400000,7.039244,64.905900
625,62.500000,7.182997,68.123118
626,62.600000,7.252447,66.825440
627,62.700000,7.142253,68.260197
628,62.800000,6.987960,66.579089
629,62.900000,6.878441,72.268979
630,63.000000,6.790853,63.735208
631,63.100000,7.315753,67.708895
632,63.200000,6.763221,64.882364
633,63.300000,7.346684,63.442458
634,63.400000,6.867158,67.680981
635,63.500000,7.185058,69.783627
636,63.600000,7.131971,62.249074
637,63.700000,6.754727,66.487840
638,63.800000,6.489073,67.474798
639,63.900000,6.477964,65.541055
640,64.000000,6.553529,67.539514
641,64.100000,6.680301,72.650632
642,64.200000,6.621845,71.795310
643,64.300000,6.849386,70.501572
644,64.400000,6.622019,68.939723
645,64.500000,6.854247,69.473699
646,64.600000,6.654651,70.573326
647,64.700000,6.676283,69.560850
648,64.800000,6.986006,71.205354
649,64.900000,6.673028,67.506498
650,65.000000,6.859987,71.430573
651,65.100000,6.821210,70.585388
652,65.200000,6.702773,67.862569
653,65.300000,6.868241,68.257079
654,65.400000,6.938513,71.350337
655,65.500000,6.942972,70.387545
656,65.600000,7.078317,69.246510
657,65.700000,6.872052,69.710381
658,65.800000,6.784616,73.198692
659,65.900000,6.683888,66.849544
660,66.000000,6.816340,73.451329
661,66.100000,7.059395,66.604951
662,66.200000,6.731550,69.632722
663,66.300000,6.937200,65.468923
664,66.400000,6.729884,68.964764
665,66.500000,7.211663,69.444234
666,66.600000,6.960701,70.972332
667,66.700000,6.828108,66.630315
668,66.800000,7.036700,71.181541
669,66.900000,6.876260,69.406372
670,67.000000,6.914023,71.418636
671,67.100000,6.985450,67.679976
672,67.200000,7.043759,71.621761
673,67.300000,6.817604,70.297918
674,67.400000,6.928965,75.401559
675,67.500000,6.771993,67.717840
676,67.600000,6.790952,69.133445
677,67.700000,6.788479,70.174014
678,67.800000,6.522232,72.029578
679,67.900000,6.978686,74.774415
680,68.000000,6.607258,74.103349
681,68.100000,6.663513,73.275362
682,68.200000,6.715702,72.098471
683,68.300000,6.441909,76.634698
684,68.400000,7.058646,74.937916
685,68.500000,6.585063,75.357941
686,68.600000,6.752701,73.533323
687,68.700000,6.674207,73.723377
688,68.800000,6.906663,77.743202
689,68.900000,6.944048,77.720849
690,69.000000,6.526375,73.041524
691,69.100000,6.723838,76.381635
692,69.200000,6.644849,80.946859
693,69.300000,6.818601,72.680093
694,69.400000,6.507826,72.497804
695,69.500000,6.859425,74.032307
696,69.600000,6.796417,76.706541
697,69.700000,6.585453,76.907925
698,69.800000,6.628338,77.391535
699,69.900000,6.750410,75.156791
700,70.000000,6.703543,70.930583
701,70.100000,6.667060,73.264279
702,70.200000,6.779031,73.100820
703,70.300000,6.782253,73.342705
704,70.400000,6.815860,74.586286
705,70.500000,6.529956,76.098851
706,70.600000,6.666707,75.998740
707,70.700000,6.437715,75.440041
708,70.800000,6.657785,67.461624
709,70.900000,6.722815,77.147540
710,71.000000,6.600738,75.043984
711,71.100000,6.812138,72.392200
712,71.200000,6.702698,75.260540
713,71.300000,6.433759,76.106312
714,71.400000,6.907472,79.783693
715,71.500000,6.775700,78.237965
716,71.600000,6.710493,76.820223
717,71.700000,6.721076,73.714086
718,71.800000,6.652767,77.711451
719,71.900000,6.594503,79.104674
720,72.000000,6.751895,81.216677
721,72.100000,6.514630,77.752064
722,72.200000,6.737238,74.361651
723,72.300000,6.564784,78.069383
724,72.400000,6.604147,74.883718
725,72.500000,6.552475,73.172397
726,72.600000,6.404434,78.190707
727,72.700000,6.368750,75.370267
728,72.800000,6.435787,67.284162
729,72.900000,6.504080,78.251343
730,73.000000,6.755410,74.394464
731,73.100000,6.542659,73.958229
732,73.200000,6.386087,68.542471
733,73.300000,6.372747,70.974012
734,73.400000,6.534196,73.357006
735,73.500000,6.561167,70.535364
736,73.600000,6.633330,65.683757
737,73.700000,6.252569,72.985502
738,73.800000,6.431695,65.952962
739,73.900000,6.541779,71.475046
740,74.000000,6.653849,72.935065
741,74.100000,6.311733,68.712642
742,74.200000,6.622444,67.966951
743,74.300000,6.580804,71.707826
744,74.400000,6.459253,73.194322
745,74.500000,6.381278,72.394353
746,74.600000,6.285553,73.724534
747,74.700000,6.159062,75.776799
748,74.800000,6.107996,68.080089
749,74.900000,6.199116,71.536237
750,75.000000,6.143982,70.913066
751,75.100000,6.429420,67.904437
752,75.200000,6.280863,70.158070
753,75.300000,6.274047,66.755089
754,75.400000,6.306805,68.886570
755,75.500000,6.330641,70.593526
756,75.600000,6.258772,72.971760
757,75.700000,6.435859,75.276692
758,75.800000,6.528596,75.356308
759,75.900000,6.640257,70.716751
760,76.000000,6.209162,74.832588
761,76.100000,6.346789,73.076375
762,76.200000,6.370903,76.160709
763,76.300000,6.025002,72.552665
764,76.400000,6.286500,71.614099
765,76.500000,6.008329,73.417989
766,76.600000,6.046944,72.847431
767,76.700000,6.168474,71.068807
768,76.800000,6.324799,71.289282
769,76.900000,6.049297,69.817367
770,77.000000,6.088085,71.371098
771,77.100000,6.097948,70.596296
772,77.200000,5.746594,71.668473
773,77.300000,6.283948,72.895810
774,77.400000,6.461098,71.727594
775,77.500000,6.296655,68.526305
776,77.600000,6.267894,73.408752
777,77.700000,6.247942,71.584598
778,77.800000,6.255098,71.072003
779,77.900000,6.421506,74.256139
780,78.000000,6.472929,69.425198
781,78.100000,6.357985,72.968265
782,78.200000,6.155157,69.434372
783,78.300000,6.309533,71.826311
784,78.400000,6.276915,74.379522
785,78.500000,6.452071,68.718779
786,78.600000,6.283163,73.466530
787,78.700000,6.367851,67.948174
788,78.800000,6.396583,69.697031
789,78.900000,6.156809,71.908500
790,79.000000,6.209247,71.025014
791,79.100000,6.085857,71.975276
792,79.200000,6.120043,71.960090
793,79.300000,6.299536,70.790915
794,79.400000,6.273440,70.575058
795,79.500000,6.129788,73.106386
796,79.600000,6.096916,71.315119
797,79.700000,6.319387,70.225659
798,79.800000,6.253745,74.601336
799,79.900000,6.178395,75.949524
800,80.000000,6.246132,73.087282
801,80.100000,6.043650,74.046808
802,80.200000,6.424327,71.614889
803,80.300000,6.304736,70.943831
804,80.400000,6.359614,70.336009
805,80.500000,6.183910,72.043633
806,80.600000,6.098583,70.762070
807,80.700000,6.273708,70.878353
808,80.800000,6.581369,68.099160
809,80.900000,6.636880,67.648070
810,81.000000,6.247311,68.492557
811,81.100000,6.662566,70.416403
812,81.200000,6.206119,68.318576
813,81.300000,6.228318,70.753511
814,81.400000,6.173678,68.998131
815,81.500000,6.096631,72.776666
816,81.600000,6.109634,69.892637
817,81.700000,5.924471,68.982763
818,81.800000,5.986680,72.031192
819,81.900000,6.332523,67.897689
820,82.000000,6.329809,75.229098
821,82.100000,6.094652,73.271462
822,82.200000,6.055773,70.036398
823,82.300000,6.156920,71.833314
824,82.400000,6.172263,68.767300
825,82.500000,6.181047,70.806278
826,82.600000,5.963390,69.804030
827,82.700000,6.149182,69.821364
828,82.800000,6.222916,70.130930
829,82.900000,6.180398,70.266690
830,83.000000,6.078906,70.275782
831,83.100000,6.161919,72.696971
832,83.200000,6.090938,67.879626
833,83.300000,5.967254,70.852531
834,83.400000,6.196867,66.832277
835,83.500000,6.047735,67.014316
836,83.600000,5.911640,71.376383
837,83.700000,6.492502,72.907238
838,83.800000,6.092724,69.619960
839,83.900000,6.171468,70.620227
840,84.000000,6.626950,68.292217
841,84.100000,6.114694,73.221833
842,84.200000,6.480264,68.228386
843,84.300000,5.933409,69.563100
844,84.400000,6.071491,68.944272
845,84.500000,6.221881,71.031934
846,84.600000,6.259509,69.743805
847,84.700000,6.434118,75.004548
848,84.800000,6.153855,73.376903
849,84.900000,6.382899,69.554459
850,85.000000,6.022600,74.202112
851,85.100000,6.137125,70.584835
852,85.200000,5.894107,67.537269
853,85.300000,6.179895,75.881825
854,85.400000,6.067652,70.258719
855,85.500000,6.251542,74.646742
856,85.600000,6.110246,69.357039
857,85.700000,6.168141,64.440957
858,85.800000,6.095781,74.160963
859,85.900000,5.889343,72.563365
860,86.000000,6.071526,72.393276
861,86.100000,6.405510,69.442298
862,86.200000,6.208643,68.351300
863,86.300000,6.212984,72.199477
864,86.400000,6.494364,70.342161
865,86.500000,6.317018,70.994331
866,86.600000,6.037878,71.012834
867,86.700000,6.403468,72.467740
868,86.800000,6.564650,70.302618
869,86.900000,6.327077,67.571214
870,87.000000,6.320172,72.908657
871,87.100000,6.103717,71.526979
872,87.200000,6.136590,75.643293
873,87.300000,6.394403,71.340548
874,87.400000,6.059684,70.377833
875,87.500000,6.188194,74.299720
876,87.600000,6.519747,72.419611
877,87.700000,6.391318,70.518731
878,87.800000,6.387543,70.918577
879,87.900000,6.171533,66.926692
880,88.000000,5.962434,68.381801
881,88.100000,6.138895,69.527828
882,88.200000,6.198393,69.966998
883,88.300000,6.158219,66.811816
884,88.400000,6.268045,70.286960
885,88.500000,6.269174,67.471571
886,88.600000,6.273859,70.678001
887,88.700000,6.351117,74.556992
888,88.800000,6.465763,70.620937
889,88.900000,6.671406,73.489926
890,89.000000,6.410113,71.469400
891,89.100000,6.516910,71.305186
892,89.200000,6.343420,66.641549
893,89.300000,6.424487,66.450286
894,89.400000,6.529676,68.143293
895,89.500000,6.279505,70.525729
896,89.600000,6.514632,74.640189
897,89.700000,6.489185,71.805700
898,89.800000,6.210611,74.673429
899,89.900000,6.300454,70.269117
900,90.000000,6.397864,70.433992
901,90.100000,6.285855,71.853440
902,90.200000,6.242109,70.558642
903,90.300000,6.283396,72.343364
904,90.400000,6.817167,72.615824
905,90.500000,6.163678,68.125003
906,90.600000,6.111171,69.392273
907,90.700000,6.268733,69.314404
908,90.800000,6.265628,68.039856
909,90.900000,6.036788,70.628863
910,91.000000,6.363828,71.664998
911,91.100000,6.451885,69.328837
912,91.200000,6.431184,68.369118
913,91.300000,6.526807,69.319758
914,91.400000,6.528729,71.605354
915,91.500000,6.480435,72.374863
916,91.600000,6.095999,71.555860
917,91.700000,6.347715,73.035344
918,91.800000,6.465600,69.415426
919,91.900000,6.146507,71.836579
920,92.000000,6.840659,67.908884
921,92.100000,6.152066,70.340640
922,92.200000,6.679440,72.319586
923,92.300000,6.406143,72.251153
924,92.400000,6.183377,70.439746
925,92.500000,5.987659,72.826403
926,92.600000,6.238052,70.861263
927,92.700000,6.289844,74.418735
928,92.800000,6.509170,76.460320
929,92.900000,6.412525,69.613955
930,93.000000,6.503051,74.284153
931,93.100000,6.456728,73.987793
932,93.200000,6.450726,73.479129
933,93.300000,6.651768,68.672159
934,93.400000,6.658689,71.385073
935,93.500000,6.568013,77.398437
936,93.600000,6.197310,72.083421
937,93.700000,6.717113,74.078028
938,93.800000,6.637103,69.624005
939,93.900000,6.404148,72.818276
940,94.000000,6.498212,69.534868
941,94.100000,6.798677,72.029541
942,94.200000,6.895930,74.146087
943,94.300000,6.898799,78.585422
944,94.400000,6.603119,73.527523
945,94.500000,6.484310,72.061973
946,94.600000,6.559607,74.086882
947,94.700000,6.454591,78.593218
948,94.800000,6.562128,75.992189
949,94.900000,6.581399,72.743536
950,95.000000,6.878159,76.217992
951,95.100000,6.771603,72.364328
952,95.200000,6.288665,70.653265
953,95.300000,6.139564,69.566152
954,95.400000,6.492418,70.756962
955,95.500000,6.104280,72.106135
956,95.600000,6.411651,73.282659
957,95.700000,6.726315,74.644119
958,95.800000,6.583187,71.766811
959,95.900000,6.504036,73.605689
960,96.000000,6.322106,69.779472
961,96.100000,6.465723,71.424012
962,96.200000,6.396249,68.481591
963,96.300000,6.364516,74.779642
964,96.400000,6.453659,76.763920
965,96.500000,6.165471,70.420356
966,96.600000,6.339956,73.660663
967,96.700000,6.505653,74.030047
968,96.800000,6.535914,75.844158
969,96.900000,6.453989,71.952704
970,97.000000,6.688290,70.315312
971,97.100000,6.485867,71.313886
972,97.200000,6.488675,70.478219
973,97.300000,6.555066,72.072221
974,97.400000,6.473592,74.430847
975,97.500000,6.626344,72.124571
976,97.600000,6.551429,71.961494
977,97.700000,6.421944,70.990744
978,97.800000,6.588600,70.216768
979,97.900000,6.600420,73.714933
980,98.000000,6.334985,72.907557
981,98.100000,6.489735,74.167088
982,98.200000,6.566522,74.769650
983,98.300000,6.678761,75.060793
984,98.400000,6.574195,70.876719
985,98.500000,6.492014,73.343468
986,98.600000,6.576137,73.026863
987,98.700000,6.619300,71.857450
988,98.800000,6.419399,73.383155
989,98.900000,6.194412,76.153012
990,99.000000,6.567423,72.555336
991,99.100000,6.615120,72.288063
992,99.200000,6.340266,75.605937
993,99.300000,6.293822,72.365564
994,99.400000,6.610271,76.860199
995,99.500000,6.311442,73.789358
996,99.600000,6.372553,72.231018
997,99.700000,6.533683,69.949784
998,99.800000,6.347108,73.258740
999,99.900000,6.497361,76.614083
1000,100.000000,6.283927,70.738920
1001,100.100000,6.496883,77.028539
1002,100.200000,6.521138,70.889219
1003,100.300000,6.375214,76.041775
1004,100.400000,6.361421,72.303055
1005,100.500000,6.373327,70.727453
1006,100.600000,6.238775,72.645479
1007,100.700000,6.530594,72.838746
1008,100.800000,6.448624,73.490878
1009,100.900000,6.531948,71.990044
1010,101.000000,6.501406,72.795263
1011,101.100000,6.446603,71.256642
1012,101.200000,6.476949,73.856583
1013,101.300000,6.502097,70.745720
1014,101.400000,6.467801,72.520822
1015,101.500000,6.573356,68.334473
1016,101.600000,6.367712,72.740805
1017,101.700000,6.361833,74.114535
1018,101.800000,6.525471,70.508015
1019,101.900000,6.269062,74.009932
1020,102.000000,6.785374,69.678769
1021,102.100000,6.369759,72.359570
1022,102.200000,6.371126,75.964268
1023,102.300000,6.399505,75.382494
1024,102.400000,6.472450,71.980106
1025,102.500000,6.573170,72.751341
1026,102.600000,6.426497,71.416354
1027,102.700000,6.419148,71.041304
1028,102.800000,6.730885,76.601468
1029,102.900000,6.677663,69.895094
1030,103.000000,6.787055,80.175874
1031,103.100000,6.501825,74.949433
1032,103.200000,6.810902,72.219943
1033,103.300000,6.602818,72.181507
1034,103.400000,6.831095,70.437232
1035,103.500000,6.758095,72.938306
1036,103.600000,6.736075,73.162296
1037,103.700000,6.486766,71.603435
1038,103.800000,6.625963,76.924714
1039,103.900000,6.516189,70.182812
1040,104.000000,6.441000,73.985600
1041,104.100000,6.552473,76.753532
1042,104.200000,6.499120,75.752206
1043,104.300000,6.559670,73.925101
1044,104.400000,6.614610,73.777083
1045,104.500000,6.560025,74.495792
1046,104.600000,6.544071,71.433124
1047,104.700000,6.572736,69.373105
1048,104.800000,6.280424,72.554985
1049,104.900000,6.142632,73.406207
1050,105.000000,6.696097,75.451160
1051,105.100000,6.529468,71.754484
1052,105.200000,6.484499,73.009853
1053,105.300000,6.270155,69.027296
1054,105.400000,6.337178,69.891449
1055,105.500000,6.413608,68.266178
1056,105.600000,6.513782,68.612778
1057,105.700000,6.781129,74.530299
1058,105.800000,6.657356,69.706483
1059,105.900000,6.822649,72.355787
1060,106.000000,6.696201,68.706354
1061,106.100000,6.519047,69.995445
1062,106.200000,6.253995,67.459993
1063,106.300000,6.563418,72.331998
1064,106.400000,6.472025,73.428299
1065,106.500000,6.587806,74.880650
1066,106.600000,6.457307,71.990541
1067,106.700000,6.387737,72.301719
1068,106.800000,6.421741,71.257540
1069,106.900000,6.359534,66.315312
1070,107.000000,6.242384,69.264191
1071,107.100000,6.298710,65.873371
1072,107.200000,6.470399,70.439699
1073,107.300000,6.433859,65.024577
1074,107.400000,6.283781,67.246439
1075,107.500000,6.429971,68.076408
1076,107.600000,6.639980,64.499387
1077,107.700000,6.526776,69.154225
1078,107.800000,6.392644,71.176587
1079,107.900000,6.258288,68.360805
1080,108.000000,6.259680,70.944252
1081,108.100000,6.278356,69.326311
1082,108.200000,6.525491,67.543745
1083,108.300000,6.513350,69.622086
1084,108.400000,6.410838,69.335377
1085,108.500000,6.295687,70.767985
1086,108.600000,6.570722,69.452739
1087,108.700000,6.493371,71.134634
1088,108.800000,6.778681,70.643708
1089,108.900000,6.350079,70.334542
1090,109.000000,6.772285,74.896435
1091,109.100000,6.680376,70.115542
1092,109.200000,6.595303,69.218397
1093,109.300000,6.375979,67.149437
1094,109.400000,6.033803,68.984328
1095,109.500000,6.549584,70.850718
1096,109.600000,6.564893,70.197126
1097,109.700000,6.095008,72.926729
1098,109.800000,6.562131,71.043261
1099,109.900000,6.618833,74.959015
1100,110.000000,6.533680,71.901537
1101,110.100000,6.356346,69.153520
1102,110.200000,6.704415,74.343281
1103,110.300000,6.483224,65.281640
1104,110.400000,6.550404,68.534547
1105,110.500000,6.447935,70.024602
1106,110.600000,6.461633,74.830594
1107,110.700000,6.371737,73.431463
1108,110.800000,6.352636,68.404775
1109,110.900000,6.813185,72.490209
1110,111.000000,6.875579,75.044434
1111,111.100000,6.892452,80.090465
1112,111.200000,6.789347,73.255555
1113,111.300000,6.710487,73.689020
1114,111.400000,6.542837,70.404397
1115,111.500000,6.850795,73.908539
1116,111.600000,6.986813,72.165010
1117,111.700000,6.436230,72.225511
1118,111.800000,6.590087,71.234553
1119,111.900000,6.773329,77.603820
1120,112.000000,6.689579,70.247423
1121,112.100000,6.651010,64.408194
1122,112.200000,6.928723,74.150475
1123,112.300000,6.538012,75.414455
1124,112.400000,6.626903,75.157502
1125,112.500000,6.546823,73.396508
1126,112.600000,6.661421,72.515689
1127,112.700000,6.376910,72.335607
1128,112.800000,6.438798,71.666753
1129,112.900000,6.735360,72.963629
1130,113.000000,6.662207,72.472982
1131,113.100000,6.833952,68.646458
1132,113.200000,6.650385,73.709623
1133,113.300000,6.618813,79.921499
1134,113.400000,6.859772,70.213458
1135,113.500000,6.516337,71.767563
1136,113.600000,6.887397,73.443068
1137,113.700000,6.726121,75.664757
1138,113.800000,6.506853,74.893900
1139,113.900000,6.696225,73.462316
1140,114.000000,6.218937,71.602656
1141,114.100000,6.326981,70.950095
1142,114.200000,6.362010,72.231918
1143,114.300000,6.427851,71.515137
1144,114.400000,6.620022,69.049241
1145,114.500000,6.537893,71.592420
1146,114.600000,6.586027,66.018119
1147,114.700000,6.639301,71.047554
1148,114.800000,6.672689,74.966769
1149,114.900000,6.643564,74.780749
1150,115.000000,6.448450,73.404926
1151,115.100000,6.345494,74.525758
1152,115.200000,6.486933,74.758527
1153,115.300000,6.651599,73.209096
1154,115.400000,6.541858,71.653313
1155,115.500000,6.501017,76.260715
1156,115.600000,6.603280,74.272807
1157,115.700000,6.375190,73.958887
1158,115.800000,6.479726,72.653832
1159,115.900000,6.787431,73.522632
1160,116.000000,6.578887,73.866308
1161,116.100000,6.862016,68.882851
1162,116.200000,6.660360,75.212595
1163,116.300000,6.628853,72.438334
1164,116.400000,6.256526,68.881307
1165,116.500000,6.241690,67.987915
1166,116.600000,6.712647,71.578274
1167,116.700000,6.411523,70.844999
1168,116.800000,6.523029,73.379692
1169,116.900000,6.485960,71.709746
1170,117.000000,6.871023,69.454279
1171,117.100000,6.627751,70.784891
1172,117.200000,6.477202,74.133954
1173,117.300000,6.487400,70.830408
1174,117.400000,6.553636,77.705946
1175,117.500000,6.622894,73.366197
1176,117.600000,6.566543,66.496849
1177,117.700000,6.513054,70.444297
1178,117.800000,6.285214,61.213257
1179,117.900000,6.577439,64.229045
1180,118.000000,6.466300,65.996136
1181,118.100000,6.735708,72.208428
1182,118.200000,6.549227,73.719157
1183,118.300000,6.703590,72.061598
1184,118.400000,6.674354,72.212106
1185,118.500000,6.327832,64.924317
1186,118.600000,6.759762,71.914628
1187,118.700000,6.210754,74.574442
1188,118.800000,6.471105,74.869168
1189,118.900000,6.708534,72.071841
1190,119.000000,6.599238,71.364497
1191,119.100000,6.199775,66.621480
1192,119.200000,6.529785,73.490250
1193,119.300000,6.455303,74.014569
1194,119.400000,6.650827,71.097973
1195,119.500000,6.292277,64.493995
1196,119.600000,6.582606,71.710260
1197,119.700000,6.378608,70.021794
1198,119.800000,6.312863,74.333765
1199,119.900000,6.659728,73.521469
1200,120.000000,6.561051,74.382650
1201,120.100000,6.312262,76.800730
1202,120.200000,6.699180,76.101711
1203,120.300000,6.637360,74.712847
1204,120.400000,6.608670,70.895589
1205,120.500000,6.523217,74.796160
1206,120.600000,6.722824,73.912120
1207,120.700000,6.436903,74.558803
1208,120.800000,6.337335,71.121675
1209,120.900000,6.475623,73.286666
1210,121.000000,6.507999,73.543088
1211,121.100000,6.417567,75.551239
1212,121.200000,6.615553,68.133551
1213,121.300000,6.484645,71.946429
1214,121.400000,6.710974,71.756179
1215,121.500000,6.360146,70.861733
1216,121.600000,6.395983,70.429508
1217,121.700000,6.613502,70.877245
1218,121.800000,6.464868,69.622103
1219,121.900000,6.565657,71.287630
1220,122.000000,6.521245,72.905209
1221,122.100000,6.133335,68.991078
1222,122.200000,6.369348,68.498752
1223,122.300000,6.322272,71.962847
1224,122.400000,6.502844,68.475327
1225,122.500000,6.335370,72.244629
1226,122.600000,6.292867,67.095054
1227,122.700000,6.362072,71.996263
1228,122.800000,6.535421,71.356736
1229,122.900000,6.517405,71.354678
1230,123.000000,6.426513,72.267486
1231,123.100000,6.423194,75.052639
1232,123.200000,6.525065,72.147218
1233,123.300000,6.444198,70.711962
1234,123.400000,6.664846,74.212508
1235,123.500000,6.273419,75.645227
1236,123.600000,6.223449,71.924259
1237,123.700000,6.645666,74.320564
1238,123.800000,6.206580,72.418546
1239,123.900000,6.419703,71.585251
1240,124.000000,6.281363,72.760205
1241,124.100000,6.326400,74.138607
1242,124.200000,6.409226,68.527214
1243,124.300000,6.379314,67.294552
1244,124.400000,6.301775,69.130166
1245,124.500000,6.254700,67.472068
1246,124.600000,6.383593,73.617569
1247,124.700000,6.440332,69.969434
1248,124.800000,6.540624,68.187236
1249,124.900000,6.504207,63.595002
1250,125.000000,6.149797,65.846628
1251,125.100000,6.468591,66.332955
1252,125.200000,6.456655,64.467731
1253,125.300000,6.363434,67.074056
1254,125.400000,6.229372,66.758393
1255,125.500000,6.080605,62.550208
1256,125.600000,6.308396,67.440168
1257,125.700000,6.403723,64.025844
1258,125.800000,6.303973,62.261743
1259,125.900000,5.983371,60.831009
1260,126.000000,6.316324,62.184256
1261,126.100000,6.310210,61.159218
1262,126.200000,6.480741,64.503741
1263,126.300000,6.109019,67.192667
1264,126.400000,5.887219,66.584828
1265,126.500000,6.366648,66.917453
1266,126.600000,6.020059,65.380187
1267,126.700000,6.247184,70.207598
1268,126.800000,6.064936,69.389972
1269,126.900000,6.120781,64.925104
1270,127.000000,6.169132,63.920840
1271,127.100000,6.208761,63.805666
1272,127.200000,5.989375,62.890790
1273,127.300000,6.133288,65.589686
1274,127.400000,6.277351,64.658540
1275,127.500000,5.943727,64.126472
1276,127.600000,6.135302,65.826266
1277,127.700000,6.275975,66.546061
1278,127.800000,6.078009,68.484301
1279,127.900000,6.076442,70.850234
1280,128.000000,5.972292,68.475839
1281,128.100000,6.090650,64.100651
1282,128.200000,6.109095,65.753556
1283,128.300000,6.405142,64.258233
1284,128.400000,6.643327,61.793179
1285,128.500000,6.297444,65.851569
1286,128.600000,6.193612,63.693065
1287,128.700000,6.355869,69.605413
1288,128.800000,6.121314,67.127354
1289,128.900000,6.324831,63.513902
1290,129.000000,6.496928,66.224469
1291,129.100000,6.446809,61.699264
1292,129.200000,6.206363,64.834001
1293,129.300000,6.166078,65.633521
1294,129.400000,6.219822,64.625111
1295,129.500000,6.174470,62.065483
1296,129.600000,6.259977,63.289938
1297,129.700000,6.281208,66.247024
1298,129.800000,6.268613,64.708369
1299,129.900000,6.323805,64.892791
1300,130.000000,6.416142,64.220501
1301,130.100000,6.219960,65.597444
1302,130.200000,6.259607,69.748522
1303,130.300000,6.278754,65.222300
1304,130.400000,6.215141,66.906992
1305,130.500000,6.481568,64.465906
1306,130.600000,6.241138,67.446902
1307,130.700000,6.219744,65.000766
1308,130.800000,6.383483,67.009406
1309,130.900000,6.160203,67.944230
1310,131.000000,6.134800,64.196177
1311,131.100000,6.221453,63.971907
1312,131.200000,6.225310,66.702138
1313,131.300000,5.972005,59.842362
1314,131.400000,5.912146,64.913945
1315,131.500000,6.455272,68.271155
1316,131.600000,6.206029,65.825215
1317,131.700000,6.124692,62.652109
1318,131.800000,6.299773,66.421703
1319,131.900000,6.161525,61.959651
1320,132.000000,6.292607,64.105336
1321,132.100000,6.020125,61.697413
1322,132.200000,6.457993,61.749603
1323,132.300000,6.216663,63.628721
1324,132.400000,6.005547,62.319061
1325,132.500000,6.289284,67.558983
1326,132.600000,6.223942,65.488629
1327,132.700000,6.398557,63.559688
1328,132.800000,6.341910,70.220533
1329,132.900000,6.398026,73.049274
1330,133.000000,6.346647,79.616701
1331,133.100000,6.074255,63.211231
1332,133.200000,6.005109,61.742485
1333,133.300000,6.244539,63.274426
1334,133.400000,5.962493,65.163137
1335,133.500000,6.146531,63.970865
1336,133.600000,6.031280,66.424166
1337,133.700000,6.111957,68.663610
1338,133.800000,6.312406,62.569027
1339,133.900000,6.307342,64.211779
1340,134.000000,6.240342,57.615443
1341,134.100000,6.212166,67.984475
1342,134.200000,6.237341,61.474666
1343,134.300000,6.424174,62.128415
1344,134.400000,6.342257,69.197259
1345,134.500000,6.116189,69.222748
1346,134.600000,6.264586,62.191883
1347,134.700000,6.269146,65.904985
1348,134.800000,6.323372,61.866376
1349,134.900000,6.393969,64.269715
1350,135.000000,6.105195,62.434280
1351,135.100000,6.129837,61.232923
1352,135.200000,6.150709,73.568945
1353,135.300000,6.139714,72.035008
1354,135.400000,6.263467,61.612710
1355,135.500000,6.181715,65.250163
1356,135.600000,6.414632,58.470571
1357,135.700000,6.403986,61.202765
1358,135.800000,6.401700,64.008773
1359,135.900000,6.361534,64.490028
1360,136.000000,6.117223,61.327203
1361,136.100000,6.337037,60.263549
1362,136.200000,6.252405,63.497312
1363,136.300000,6.316999,58.242703
1364,136.400000,5.968136,65.885310
1365,136.500000,6.222588,62.697115
1366,136.600000,6.099442,60.807778
1367,136.700000,6.038770,62.290656
1368,136.800000,6.218799,60.363828
1369,136.900000,6.132311,66.736016
1370,137.000000,6.093804,64.060345
1371,137.100000,6.144361,64.742057
1372,137.200000,6.119818,63.289637
1373,137.300000,6.095470,65.450688
1374,137.400000,6.487611,62.584493
1375,137.500000,6.286067,59.258403
1376,137.600000,6.523021,59.698711
1377,137.700000,6.023790,63.880852
1378,137.800000,6.248141,65.004878
1379,137.900000,6.251152,59.817503
1380,138.000000,6.094843,64.143762
1381,138.100000,6.046007,64.972077
1382,138.200000,6.204066,64.738667
1383,138.300000,6.072841,63.027524
1384,138.400000,6.061754,63.609938
1385,138.500000,6.253957,63.669032
1386,138.600000,6.169292,60.241060
1387,138.700000,6.171132,62.592503
1388,138.800000,6.496224,61.123751
1389,138.900000,6.210905,65.507873
1390,139.000000,6.312950,63.989080
1391,139.100000,6.175134,64.898338
1392,139.200000,6.090925,66.356668
1393,139.300000,6.191433,66.793945
1394,139.400000,6.268764,64.934701
1395,139.500000,6.227447,63.562878
1396,139.600000,6.552389,62.653377
1397,139.700000,6.471030,64.732266
1398,139.800000,6.120617,65.558642
1399,139.900000,6.197425,67.868526
1400,140.000000,6.060781,63.529351
1401,140.100000,6.365043,60.546816
1402,140.200000,6.180381,65.206700
1403,140.300000,6.253558,63.879340
1404,140.400000,6.441108,61.013495
1405,140.500000,6.093012,62.524179
1406,140.600000,6.389657,58.862866
1407,140.700000,6.165029,62.847048
1408,140.800000,6.155996,62.996135
1409,140.900000,6.114037,60.768760
1410,141.000000,6.471105,61.874810
1411,141.100000,6.116362,64.570955
1412,141.200000,6.318625,64.656747
1413,141.300000,6.369636,68.998843
1414,141.400000,6.553287,61.384650
1415,141.500000,6.124261,65.382200
1416,141.600000,6.277705,66.885488
1417,141.700000,6.047345,68.298336
1418,141.800000,6.106814,71.558068
1419,141.900000,6.114131,69.542025
1420,142.000000,6.156289,70.162314
1421,142.100000,6.076035,68.930284
1422,142.200000,5.840232,66.087665
1423,142.300000,5.999656,65.649338
1424,142.400000,6.341444,69.533425
1425,142.500000,6.502544,69.680046
1426,142.600000,6.135247,69.219459
1427,142.700000,5.859251,69.657672
1428,142.800000,6.200265,67.787644
1429,142.900000,6.416280,70.765238
1430,143.000000,6.560317,70.884993
1431,143.100000,6.258742,68.236768
1432,143.200000,6.129941,68.661624
1433,143.300000,6.066906,67.161057
1434,143.400000,6.208110,72.177957
1435,143.500000,6.351195,67.126421
1436,143.600000,6.190516,67.930123
1437,143.700000,6.100110,68.919424
1438,143.800000,6.095267,68.380954
1439,143.900000,6.001710,60.998601
1440,144.000000,6.374627,67.516090
1441,144.100000,6.216512,68.708075
1442,144.200000,6.399327,69.063658
1443,144.300000,6.540853,68.317450
1444,144.400000,6.237463,67.770677
1445,144.500000,6.381326,68.700665
1446,144.600000,6.519811,66.749948
1447,144.700000,6.086178,67.434350
1448,144.800000,5.868087,64.792228
1449,144.900000,6.086863,70.235372
1450,145.000000,6.047806,72.680122
1451,145.100000,6.333181,73.731461
1452,145.200000,6.346543,67.162024
1453,145.300000,6.318464,68.663208
1454,145.400000,6.591789,73.421313
1455,145.500000,7.122806,65.849951
1456,145.600000,6.252538,68.654006
1457,145.700000,6.630601,70.154418
1458,145.800000,6.164767,71.933938
1459,145.900000,6.160392,63.844025
1460,146.000000,6.151318,67.920254
1461,146.100000,6.098455,64.301192
1462,146.200000,6.184463,64.981746
1463,146.300000,5.972864,62.515870
1464,146.400000,5.946652,62.875799
1465,146.500000,6.196330,69.607838
1466,146.600000,5.978125,70.887730
1467,146.700000,5.937042,65.670777
1468,146.800000,6.551422,64.433175
1469,146.900000,6.311287,63.990501
1470,147.000000,6.040481,67.561705
1471,147.100000,5.860747,65.569294
1472,147.200000,6.041116,69.379237
1473,147.300000,6.177786,72.398631
1474,147.400000,5.866695,69.278539
1475,147.500000,6.225984,70.130544
1476,147.600000,6.281354,73.089648
1477,147.700000,6.272017,70.150505
1478,147.800000,6.363248,70.521763
1479,147.900000,6.069292,70.402796
1480,148.000000,6.308426,66.057678
1481,148.100000,6.285346,70.669041
1482,148.200000,6.004634,65.553847
1483,148.300000,6.228291,66.054014
1484,148.400000,5.952692,67.121170
1485,148.500000,6.329997,67.751336
1486,148.600000,5.738822,64.391581
1487,148.700000,6.164008,68.806295
1488,148.800000,5.723528,64.850585
1489,148.900000,5.836589,67.351304
1490,149.000000,6.153329,68.648598
1491,149.100000,6.190258,67.932769
1492,149.200000,6.326693,72.608663
1493,149.300000,6.581169,73.826527
1494,149.400000,6.451351,73.747553
1495,149.500000,6.254548,72.803536
1496,149.600000,6.359809,73.884300
1497,149.700000,6.290039,71.957916
1498,149.800000,6.375379,70.447089
1499,149.900000,6.471694,72.482170
1500,150.000000,6.373839,68.912245
1501,150.100000,6.179865,73.464273
1502,150.200000,6.190473,75.378726
1503,150.300000,6.324147,69.621629
1504,150.400000,6.281170,66.424694
1505,150.500000,6.307771,70.293375
1506,150.600000,5.685584,66.741375
1507,150.700000,6.364166,66.861931
1508,150.800000,6.051955,68.734734
1509,150.900000,6.583420,69.257298
1510,151.000000,6.310632,69.637612
1511,151.100000,6.216024,69.694997
1512,151.200000,6.216796,68.888462
1513,151.300000,6.068265,69.270109
1514,151.400000,6.265637,68.490743
1515,151.500000,6.175942,72.513354
1516,151.600000,6.166011,67.489030
1517,151.700000,6.252166,67.154728
1518,151.800000,5.958500,69.495470
1519,151.900000,6.048881,68.000374
1520,152.000000,5.990472,67.606350
1521,152.100000,6.201844,73.149100
1522,152.200000,6.164029,74.856269
1523,152.300000,6.092309,70.148773
1524,152.400000,6.289807,68.190283
1525,152.500000,6.064823,72.625646
1526,152.600000,6.275563,65.423783
1527,152.700000,5.988991,72.592969
1528,152.800000,6.194376,70.574038
1529,152.900000,6.310519,69.432857
1530,153.000000,6.163839,78.298930
1531,153.100000,6.074095,71.820460
1532,153.200000,6.245492,66.462089
1533,153.300000,6.135867,66.632004
1534,153.400000,5.888217,66.263979
1535,153.500000,6.356059,71.064912
1536,153.600000,6.254158,70.985681
1537,153.700000,6.217994,73.404515
1538,153.800000,5.951275,72.686520
1539,153.900000,5.795647,72.648663
1540,154.000000,6.120460,70.594459
1541,154.100000,6.042637,75.406435
1542,154.200000,5.896316,71.521995
1543,154.300000,5.937318,69.383578
1544,154.400000,6.229421,69.900624
1545,154.500000,6.566035,62.412258
1546,154.600000,6.392454,63.620012
1547,154.700000,6.085229,68.075588
1548,154.800000,6.215896,78.322080
1549,154.900000,6.271335,71.520451
1550,155.000000,6.077964,72.622679
1551,155.100000,6.493507,72.753279
1552,155.200000,6.357965,74.335642
1553,155.300000,6.073101,74.433230
1554,155.400000,6.112373,70.079292
1555,155.500000,6.104611,69.377627
1556,155.600000,6.161435,69.062593
1557,155.700000,5.773351,74.223802
1558,155.800000,6.150430,72.000788
1559,155.900000,6.337756,73.432257
1560,156.000000,6.197229,75.417228
1561,156.100000,6.174754,68.764478
1562,156.200000,6.149312,68.275936
1563,156.300000,6.284577,65.987960
1564,156.400000,5.982145,68.649614
1565,156.500000,6.354909,67.546119
1566,156.600000,5.983175,68.607604
1567,156.700000,5.970130,64.591038
1568,156.800000,6.226990,68.699997
1569,156.900000,5.865376,64.292638
1570,157.000000,5.948936,67.927138
1571,157.100000,6.395204,65.318481
1572,157.200000,6.513623,65.052312
1573,157.300000,6.105815,69.316610
1574,157.400000,6.728155,70.262157
1575,157.500000,5.842525,67.470276
1576,157.600000,6.188760,71.837522
1577,157.700000,6.559626,68.773571
1578,157.800000,6.030382,68.807613
1579,157.900000,6.088394,71.401591
1580,158.000000,5.927792,73.954027
1581,158.100000,5.974752,70.897610
1582,158.200000,6.052731,75.805796
1583,158.300000,5.934489,71.684260
1584,158.400000,6.368730,71.936262
1585,158.500000,5.761924,71.733492
1586,158.600000,5.946517,68.275524
1587,158.700000,5.848053,69.694840
1588,158.800000,6.162006,72.717752
1589,158.900000,5.950019,71.907035
1590,159.000000,5.968435,70.193955
1591,159.100000,5.969580,64.884942
1592,159.200000,6.271782,67.391879
1593,159.300000,6.203953,68.997319
1594,159.400000,6.247572,68.383495
1595,159.500000,5.937818,69.476325
1596,159.600000,5.939857,68.800299
1597,159.700000,6.235267,71.079334
1598,159.800000,6.173197,68.639604
1599,159.900000,5.921015,69.535923
1600,160.000000,6.008389,66.562626
1601,160.100000,6.403673,68.583949
1602,160.200000,6.634345,68.956249
1603,160.300000,6.540636,69.844861
1604,160.400000,6.448031,70.725660
1605,160.500000,6.556863,68.757516
1606,160.600000,6.131368,65.131720
1607,160.700000,6.117527,66.412302
1608,160.800000,6.212294,63.524115
1609,160.900000,6.362938,65.031852
1610,161.000000,6.510702,66.163621
1611,161.100000,6.350406,65.672889
1612,161.200000,6.046863,71.596100
1613,161.300000,6.100339,65.923465
1614,161.400000,6.246083,63.872669
1615,161.500000,6.514267,70.252849
1616,161.600000,6.609397,64.318505
1617,161.700000,6.091131,68.949015
1618,161.800000,6.150421,65.425798
1619,161.900000,6.146814,69.004973
1620,162.000000,6.420619,62.691508
1621,162.100000,6.312806,68.685884
1622,162.200000,6.414282,69.142469
1623,162.300000,6.074409,68.273694
1624,162.400000,6.211947,69.891334
1625,162.500000,5.849918,69.533521
1626,162.600000,6.303930,70.937649
1627,162.700000,6.382346,69.952866
1628,162.800000,6.454495,71.678461
1629,162.900000,6.349508,71.037807
1630,163.000000,6.078796,73.201361
1631,163.100000,6.104922,65.588605
1632,163.200000,6.241885,67.813005
1633,163.300000,6.808327,72.996088
1634,163.400000,6.317447,64.542997
1635,163.500000,7.367317,68.788076
1636,163.600000,7.138545,71.512380
1637,163.700000,7.036496,67.948041
1638,163.800000,6.778577,69.307874
1639,163.900000,6.471626,66.670544
1640,164.000000,6.701477,61.888027
1641,164.100000,6.953887,67.519774
1642,164.200000,6.779839,68.366244
1643,164.300000,7.084909,71.179159
1644,164.400000,6.971792,73.524854
1645,164.500000,6.671503,70.449410
1646,164.600000,6.597471,71.278853
1647,164.700000,6.926284,70.857984
1648,164.800000,6.739861,66.492064
1649,164.900000,6.806626,71.056950
1650,165.000000,6.754070,66.976875
1651,165.100000,6.145986,62.603328
1652,165.200000,6.209711,65.022413
1653,165.300000,6.200688,70.137732
1654,165.400000,6.421831,67.913474
1655,165.500000,6.135873,68.145099
1656,165.600000,6.450365,73.881634
1657,165.700000,6.292284,70.055734
1658,165.800000,6.397155,66.646674
1659,165.900000,5.987647,66.461301
1660,166.000000,6.181969,70.414966
1661,166.100000,6.314544,69.914802
1662,166.200000,6.601876,71.760277
1663,166.300000,6.196530,66.981119
1664,166.400000,6.043267,71.924159
1665,166.500000,6.021627,68.317417
1666,166.600000,6.214347,66.856013
1667,166.700000,6.368254,69.625913
1668,166.800000,6.562080,64.357162
1669,166.900000,6.331151,69.918066
1670,167.000000,6.355903,63.704929
1671,167.100000,6.196783,68.851883
1672,167.200000,6.040763,69.039503
1673,167.300000,6.209831,70.742487
1674,167.400000,6.032365,72.325172
1675,167.500000,6.287733,70.065424
1676,167.600000,6.201540,68.486196
1677,167.700000,6.146599,69.810783
1678,167.800000,6.207761,70.404943
1679,167.900000,6.243116,65.688324
1680,168.000000,6.074320,65.858271
1681,168.100000,6.444633,68.891971
1682,168.200000,6.290236,68.380039
1683,168.300000,6.185591,70.860726
1684,168.400000,6.024322,68.627870
1685,168.500000,6.072664,70.323429
1686,168.600000,6.237510,66.473442
1687,168.700000,6.287574,65.958560
1688,168.800000,5.931330,62.575468
1689,168.900000,6.340627,66.605910
1690,169.000000,6.280817,66.252602
1691,169.100000,6.114613,65.404529
1692,169.200000,5.985529,66.788385
1693,169.300000,6.209814,66.435735
1694,169.400000,6.878608,68.632528
1695,169.500000,6.768708,66.830592
1696,169.600000,6.648193,68.233238
1697,169.700000,6.461013,65.216449
1698,169.800000,6.985836,66.778635
1699,169.900000,6.887545,66.194690
1700,170.000000,6.649514,65.385568
1701,170.100000,6.584718,65.499757
1702,170.200000,6.310204,65.437057
1703,170.300000,6.681104,71.993617
1704,170.400000,6.795175,64.632738
1705,170.500000,6.713686,65.908941
1706,170.600000,6.655107,64.424864
1707,170.700000,6.632848,70.004631
1708,170.800000,6.740494,68.247282
1709,170.900000,6.397005,65.792978
1710,171.000000,6.557887,66.632311
1711,171.100000,6.673377,69.331363
1712,171.200000,6.777955,67.541383
1713,171.300000,6.364486,64.463107
1714,171.400000,6.255834,70.177370
1715,171.500000,6.092262,68.754183
1716,171.600000,6.309875,66.500778
1717,171.700000,6.470335,69.349724
1718,171.800000,6.707087,67.986499
1719,171.900000,6.540876,65.414881
1720,172.000000,6.626979,65.411519
1721,172.100000,6.921947,65.538249
1722,172.200000,6.967303,66.793063
1723,172.300000,6.754456,71.944084
1724,172.400000,6.687287,68.799656
1725,172.500000,6.439854,64.073724
1726,172.600000,7.098006,66.910540
1727,172.700000,6.365705,62.768877
1728,172.800000,6.781484,65.256442
1729,172.900000,6.579856,65.596668
1730,173.000000,6.668202,65.687246
1731,173.100000,6.490718,68.357713
1732,173.200000,6.986403,67.560597
1733,173.300000,6.291870,68.787739
1734,173.400000,6.820577,69.799388
1735,173.500000,6.970251,71.260634
1736,173.600000,6.780849,68.191427
1737,173.700000,6.523233,69.520166
1738,173.800000,6.785126,67.563938
1739,173.900000,6.858281,62.927791
1740,174.000000,6.334936,67.988856
1741,174.100000,6.989694,68.711593
1742,174.200000,6.818906,64.252072
1743,174.300000,6.341567,61.749524
1744,174.400000,6.012972,63.418912
1745,174.500000,6.023535,63.946404
1746,174.600000,6.147851,61.384540
1747,174.700000,6.031166,65.148554
1748,174.800000,5.953752,67.238656
1749,174.900000,6.094883,67.551925
1750,175.000000,6.046388,62.286662
1751,175.100000,6.167807,65.357379
1752,175.200000,6.383089,64.077702
1753,175.300000,6.207472,64.805752
1754,175.400000,6.110569,58.468668
1755,175.500000,6.011749,62.841073
1756,175.600000,6.025458,61.460391
1757,175.700000,5.810263,68.689889
1758,175.800000,6.017306,66.178229
1759,175.900000,6.329508,63.908320
1760,176.000000,5.625376,64.984763
1761,176.100000,6.038022,62.074404
1762,176.200000,6.478807,67.286185
1763,176.300000,6.140910,65.650501
1764,176.400000,6.208975,64.766465
1765,176.500000,6.441730,62.134766
1766,176.600000,6.301707,63.484272
1767,176.700000,6.585944,66.467296
1768,176.800000,6.835486,69.036450
1769,176.900000,6.511616,66.997037
1770,177.000000,6.734279,67.119879
1771,177.100000,6.354368,65.731272
1772,177.200000,6.580051,70.158495
1773,177.300000,6.725009,68.161849
1774,177.400000,6.623237,67.836186
1775,177.500000,6.142324,64.032033
1776,177.600000,6.803930,62.088418
1777,177.700000,7.035004,63.963925
1778,177.800000,6.690514,69.628286
1779,177.900000,7.256960,67.086281
1780,178.000000,5.984847,63.126076
1781,178.100000,6.186049,63.997391
1782,178.200000,6.409306,60.793308
1783,178.300000,6.681703,64.144050
1784,178.400000,6.596512,64.464215
1785,178.500000,6.316426,68.236269
1786,178.600000,6.542557,64.643687
1787,178.700000,6.205130,63.422812
1788,178.800000,6.357318,63.006941
1789,178.900000,6.391894,64.329252
1790,179.000000,6.469314,68.629967
1791,179.100000,6.522435,66.373472
1792,179.200000,6.480026,62.847737
1793,179.300000,6.530507,67.200782
1794,179.400000,6.573425,67.953844
1795,179.500000,6.508584,68.804534
1796,179.600000,6.200078,71.969130
1797,179.700000,6.081240,72.496494
1798,179.800000,6.150841,70.569419
1799,179.900000,6.260828,70.731470
1800,180.000000,6.606067,69.119281
1801,180.100000,6.363309,70.250757
1802,180.200000,6.245001,72.289171
1803,180.300000,6.877222,71.846719
1804,180.400000,7.113994,68.345953
1805,180.500000,6.850345,67.596675
1806,180.600000,6.323049,66.016224
1807,180.700000,6.353811,65.418031
1808,180.800000,6.336952,74.974767
1809,180.900000,6.131994,70.365425
1810,181.000000,5.870477,67.001802
1811,181.100000,6.056772,70.162104
1812,181.200000,5.884443,75.959763
1813,181.300000,6.279178,71.972258
1814,181.400000,6.297563,70.998683
1815,181.500000,6.194110,67.670420
1816,181.600000,6.229031,65.792216
1817,181.700000,6.401603,66.367103
1818,181.800000,6.035870,67.034275
1819,181.900000,6.461833,68.520043
1820,182.000000,6.478230,68.725429
1821,182.100000,6.075321,66.838271
1822,182.200000,5.958623,66.925016
1823,182.300000,5.874145,64.505798
1824,182.400000,6.157903,70.480348
1825,182.500000,6.166300,69.010411
1826,182.600000,5.959543,68.855092
1827,182.700000,6.420284,68.354561
1828,182.800000,6.264348,65.768909
1829,182.900000,6.225266,69.815676
1830,183.000000,6.136884,60.845492
1831,183.100000,5.646645,67.256421
1832,183.200000,6.156150,66.377691
1833,183.300000,6.214622,67.381645
1834,183.400000,6.145924,63.239173
1835,183.500000,6.403473,71.997444
1836,183.600000,6.105930,72.703849
1837,183.700000,6.568269,71.542344
1838,183.800000,6.453313,69.081318
1839,183.900000,6.526497,65.905633
1840,184.000000,6.725582,66.802739
1841,184.100000,6.383928,68.962579
1842,184.200000,6.788368,65.443667
1843,184.300000,6.442007,70.211209
1844,184.400000,6.036660,68.590445
1845,184.500000,6.075677,68.769332
1846,184.600000,6.019110,66.033429
1847,184.700000,5.982869,61.931250
1848,184.800000,5.883801,62.286192
1849,184.900000,5.982488,66.974813
1850,185.000000,6.379873,69.487377
1851,185.100000,6.295671,69.824445
1852,185.200000,5.804494,70.897054
1853,185.300000,6.005639,72.407761
1854,185.400000,6.098454,71.525175
1855,185.500000,5.616044,68.487478
1856,185.600000,5.811287,68.414419
1857,185.700000,5.975842,68.342110
1858,185.800000,6.144494,67.268858
1859,185.900000,6.439124,64.664001
1860,186.000000,6.155580,65.681636
1861,186.100000,6.321000,63.908928
1862,186.200000,6.301222,66.409807
1863,186.300000,6.708461,67.824157
1864,186.400000,6.198079,68.782301
1865,186.500000,6.087239,70.674976
1866,186.600000,6.722928,69.275091
1867,186.700000,6.432379,73.201472
1868,186.800000,6.191670,71.111564
1869,186.900000,6.085848,71.255006
1870,187.000000,6.591374,68.992536
1871,187.100000,6.244144,71.203938
1872,187.200000,6.122549,72.565097
1873,187.300000,5.933527,74.328742
1874,187.400000,6.670348,67.081060
1875,187.500000,5.966337,71.556681
1876,187.600000,6.099723,68.884305
1877,187.700000,5.779109,68.736893
1878,187.800000,6.317169,71.227079
1879,187.900000,6.130571,67.447394
1880,188.000000,6.374668,77.544663
1881,188.100000,6.283909,78.790956
1882,188.200000,6.499290,69.836609
1883,188.300000,6.320543,73.019465
1884,188.400000,6.039104,69.316558
1885,188.500000,6.547762,74.581720
1886,188.600000,6.634405,71.717298
1887,188.700000,6.038907,77.464145
1888,188.800000,6.245865,70.429669
1889,188.900000,6.021147,73.974923
1890,189.000000,6.167388,74.420762
1891,189.100000,6.026283,69.507542
1892,189.200000,5.947707,71.581056
1893,189.300000,6.203124,70.918756
1894,189.400000,5.996088,67.012401
1895,189.500000,6.126682,70.806296
1896,189.600000,6.248381,67.168531
1897,189.700000,6.188015,74.632385
1898,189.800000,6.420547,67.481283
1899,189.900000,6.273959,77.626999
1900,190.000000,5.874764,77.651000
1901,190.100000,5.681729,75.159542
1902,190.200000,6.081018,71.833676
1903,190.300000,6.263084,73.619028
1904,190.400000,6.064660,68.468693
1905,190.500000,6.211434,68.104775
1906,190.600000,5.936066,67.045594
1907,190.700000,6.193663,71.274497
1908,190.800000,5.870604,69.374435
1909,190.900000,5.966108,75.182973
1910,191.000000,6.440264,69.660099
1911,191.100000,6.313232,74.659579
1912,191.200000,6.282742,74.221391
1913,191.300000,6.419235,80.113882
1914,191.400000,6.002392,77.421666
1915,191.500000,6.396878,73.810447
1916,191.600000,6.548020,71.968906
1917,191.700000,6.528295,77.595551
1918,191.800000,6.798312,75.774288
1919,191.900000,6.966820,71.556170
1920,192.000000,6.578089,74.176540
1921,192.100000,6.636062,74.661241
1922,192.200000,6.989507,72.091149
1923,192.300000,6.407927,76.566989
1924,192.400000,6.167029,69.810994
1925,192.500000,6.315530,68.175299
1926,192.600000,6.230396,78.742982
1927,192.700000,6.347724,78.722806
1928,192.800000,6.498131,74.441474
1929,192.900000,6.670135,74.161470
1930,193.000000,6.120942,70.639247
1931,193.100000,6.454533,72.887407
1932,193.200000,6.401891,72.538618
1933,193.300000,5.811698,66.425707
1934,193.400000,6.086905,74.192352
1935,193.500000,6.245684,70.446565
1936,193.600000,6.128664,70.693555
1937,193.700000,5.808283,69.853532
1938,193.800000,6.022012,74.619296
1939,193.900000,6.369332,69.274417
1940,194.000000,6.034558,68.067412
1941,194.100000,6.418584,70.786319
1942,194.200000,6.743497,75.493222
1943,194.300000,6.426112,72.651808
1944,194.400000,6.447973,77.716347
1945,194.500000,6.982981,66.707865
1946,194.600000,6.686384,72.729403
1947,194.700000,6.789104,77.258611
1948,194.800000,6.903707,83.894823
1949,194.900000,6.461594,77.929514
1950,195.000000,6.257301,80.475952
1951,195.100000,6.644824,80.314015
1952,195.200000,6.332502,78.115728
1953,195.300000,6.282065,82.168969
1954,195.400000,6.344253,80.045215
1955,195.500000,6.105222,77.903796
1956,195.600000,6.191051,79.289403
1957,195.700000,6.515867,77.843775
1958,195.800000,5.740419,81.293171
1959,195.900000,6.210186,81.538194
1960,196.000000,6.521294,80.227296
1961,196.100000,6.428977,77.464668
1962,196.200000,6.321566,75.207293
1963,196.300000,6.223935,72.275101
1964,196.400000,6.527200,74.095909
1965,196.500000,6.313822,75.543570
1966,196.600000,6.448052,73.578016
1967,196.700000,6.465521,75.850741
1968,196.800000,6.458753,77.151241
1969,196.900000,6.248709,75.168981
1970,197.000000,6.180432,75.494985
1971,197.100000,6.191933,73.344731
1972,197.200000,6.166745,80.452903
1973,197.300000,6.345435,81.556215
1974,197.400000,6.357566,76.839582
1975,197.500000,6.175499,76.202168
1976,197.600000,6.540696,79.564735
1977,197.700000,6.502266,80.576872
1978,197.800000,6.420896,77.209764
1979,197.900000,6.362810,80.676339
1980,198.000000,6.445419,80.432119
1981,198.100000,6.328540,83.182489
1982,198.200000,6.401440,72.659903
1983,198.300000,6.455321,81.710656
1984,198.400000,6.229403,81.037218
1985,198.500000,6.532724,79.463115
1986,198.600000,6.281911,75.900293
1987,198.700000,6.330976,77.560183
1988,198.800000,6.131282,77.051887
1989,198.900000,6.364901,75.704791
1990,199.000000,6.157288,71.536367
1991,199.100000,6.523945,72.635768
1992,199.200000,6.474059,77.439565
1993,199.300000,6.489979,80.937687
1994,199.400000,6.188314,76.532289
1995,199.500000,6.338885,74.125442
1996,199.600000,6.262821,77.750633
1997,199.700000,6.403948,78.146065
1998,199.800000,6.252055,76.014162
1999,199.900000,6.211262,79.814346
2000,200.000000,6.641394,77.981847
