time_ns,pocket_sasa_nm2
0.000000,72.873000
0.100000,76.494000
0.200000,76.976000
0.300000,77.834000
0.400000,78.466000
0.500000,75.922000
0.600000,76.815000
0.700000,77.999000
0.800000,75.909000
0.900000,77.389000
1.000000,75.929000
1.100000,77.587000
1.200000,75.988000
1.300000,76.765000
1.400000,77.287000
1.500000,74.471000
1.600000,77.531000
1.700000,77.621000
1.800000,78.119000
1.900000,77.450000
2.000000,77.057000
2.100000,76.318000
2.200000,76.098000
2.300000,77.616000
2.400000,77.113000
2.500000,79.060000
2.600000,77.959000
2.700000,79.485000
2.800000,78.501000
2.900000,78.437000
3.000000,77.651000
3.100000,78.547000
3.200000,77.321000
3.300000,78.297000
3.400000,78.459000
3.500000,78.418000
3.600000,76.427000
3.700000,76.331000
3.800000,76.368000
3.900000,75.903000
4.000000,77.124000
4.100000,76.144000
4.200000,78.004000
4.300000,74.564000
4.400000,76.775000
4.500000,76.590000
4.600000,77.158000
4.700000,76.620000
4.800000,76.844000
4.900000,76.436000
5.000000,78.159000
5.100000,75.960000
5.200000,75.808000
5.300000,78.226000
5.400000,76.682000
5.500000,75.392000
5.600000,77.459000
5.700000,77.250000
5.800000,76.438000
5.900000,75.500000
6.000000,77.598000
6.100000,78.755000
6.200000,76.271000
6.300000,75.625000
6.400000,76.966000
6.500000,77.076000
6.600000,77.603000
6.700000,77.453000
6.800000,77.284000
6.900000,77.590000
7.000000,76.460000
7.100000,77.128000
7.200000,77.826000
7.300000,77.853000
7.400000,78.866000
7.500000,78.872000
7.600000,79.849000
7.700000,75.837000
7.800000,77.718000
7.900000,78.307000
8.000000,78.086000
8.100000,79.503000
8.200000,79.441000
8.300000,77.750000
8.400000,77.511000
8.500000,79.812000
8.600000,78.940000
8.700000,78.602000
8.800000,79.245000
8.900000,77.796000
9.000000,77.553000
9.100000,78.919000
9.200000,81.137000
9.300000,78.821000
9.400000,79.094000
9.500000,80.620000
9.600000,79.335000
9.700000,78.195000
9.800000,80.718000
9.900000,80.441000
10.000000,78.519000
10.100000,80.422000
10.200000,79.524000
10.300000,77.925000
10.400000,79.802000
10.500000,79.563000
10.600000,79.757000
10.700000,79.086000
10.800000,78.656000
10.900000,79.569000
11.000000,77.778000
11.100000,78.639000
11.200000,78.563000
11.300000,78.670000
11.400000,80.797000
11.500000,78.413000
11.600000,77.688000
11.700000,79.547000
11.800000,80.724000
11.900000,80.066000
12.000000,79.020000
12.100000,80.175000
12.200000,81.216000
12.300000,80.788000
12.400000,80.443000
12.500000,79.241000
12.600000,80.581000
12.700000,78.988000
12.800000,80.325000
12.900000,78.622000
13.000000,79.511000
13.100000,79.428000
13.200000,79.018000
13.300000,78.931000
13.400000,79.670000
13.500000,81.211000
13.600000,78.344000
13.700000,78.067000
13.800000,79.698000
13.900000,77.800000
14.000000,78.653000
14.100000,80.225000
14.200000,79.511000
14.300000,78.732000
14.400000,77.694000
14.500000,78.468000
14.600000,79.146000
14.700000,77.521000
14.800000,78.165000
14.900000,78.675000
15.000000,78.163000
15.100000,77.401000
15.200000,77.865000
15.300000,78.414000
15.400000,77.576000
15.500000,77.806000
15.600000,79.331000
15.700000,77.005000
15.800000,78.345000
15.900000,79.413000
16.000000,78.439000
16.100000,77.247000
16.200000,76.985000
16.300000,77.219000
16.400000,77.348000
16.500000,77.920000
16.600000,76.497000
16.700000,77.240000
16.800000,76.416000
16.900000,76.255000
17.000000,77.101000
17.100000,77.284000
17.200000,75.878000
17.300000,77.177000
17.400000,77.676000
17.500000,75.437000
17.600000,77.421000
17.700000,77.824000
17.800000,75.966000
17.900000,77.106000
18.000000,77.517000
18.100000,79.340000
18.200000,78.713000
18.300000,78.377000
18.400000,78.634000
18.500000,77.598000
18.600000,77.261000
18.700000,78.178000
18.800000,76.681000
18.900000,78.906000
19.000000,79.323000
19.100000,78.273000
19.200000,79.653000
19.300000,77.800000
19.400000,78.429000
19.500000,78.800000
19.600000,75.899000
19.700000,76.862000
19.800000,78.381000
19.900000,76.730000
20.000000,78.567000
20.100000,77.533000
20.200000,77.753000
20.300000,78.095000
20.400000,77.881000
20.500000,77.895000
20.600000,77.691000
20.700000,77.874000
20.800000,77.921000
20.900000,78.805000
21.000000,78.522000
21.100000,78.915000
21.200000,76.173000
21.300000,78.047000
21.400000,78.088000
21.500000,77.911000
21.600000,77.528000
21.700000,79.314000
21.800000,77.112000
21.900000,76.923000
22.000000,78.014000
22.100000,77.996000
22.200000,77.606000
22.300000,75.253000
22.400000,76.366000
22.500000,76.118000
22.600000,78.316000
22.700000,78.053000
22.800000,79.886000
22.900000,78.470000
23.000000,75.720000
23.100000,76.940000
23.200000,75.780000
23.300000,76.579000
23.400000,76.804000
23.500000,77.355000
23.600000,77.852000
23.700000,76.661000
23.800000,77.680000
23.900000,78.352000
24.000000,79.646000
24.100000,79.989000
24.200000,79.305000
24.300000,82.232000
24.400000,80.864000
24.500000,80.858000
24.600000,81.130000
24.700000,78.699000
24.800000,80.830000
24.900000,79.169000
25.000000,79.780000
25.100000,78.614000
25.200000,78.939000
25.300000,77.045000
25.400000,77.367000
25.500000,75.606000
25.600000,78.694000
25.700000,78.509000
25.800000,76.800000
25.900000,76.544000
26.000000,78.034000
26.100000,76.604000
26.200000,77.892000
26.300000,77.582000
26.400000,79.367000
26.500000,78.857000
26.600000,77.795000
26.700000,78.405000
26.800000,78.656000
26.900000,79.413000
27.000000,78.502000
27.100000,78.378000
27.200000,78.553000
27.300000,78.965000
27.400000,79.506000
27.500000,78.396000
27.600000,79.320000
27.700000,79.467000
27.800000,79.689000
27.900000,79.354000
28.000000,79.076000
28.100000,79.259000
28.200000,78.334000
28.300000,77.989000
28.400000,80.033000
28.500000,78.183000
28.600000,78.917000
28.700000,80.849000
28.800000,76.428000
28.900000,77.045000
29.000000,79.443000
29.100000,78.766000
29.200000,78.622000
29.300000,79.231000
29.400000,79.992000
29.500000,78.088000
29.600000,78.725000
29.700000,80.268000
29.800000,79.858000
29.900000,80.721000
30.000000,80.574000
30.100000,78.668000
30.200000,78.995000
30.300000,79.269000
30.400000,79.924000
30.500000,78.385000
30.600000,81.004000
30.700000,79.372000
30.800000,79.323000
30.900000,78.027000
31.000000,78.536000
31.100000,78.278000
31.200000,76.251000
31.300000,79.224000
31.400000,78.074000
31.500000,78.791000
31.600000,79.876000
31.700000,79.807000
31.800000,78.352000
31.900000,80.010000
32.000000,79.138000
32.100000,81.600000
32.200000,80.834000
32.300000,78.609000
32.400000,78.259000
32.500000,77.036000
32.600000,80.013000
32.700000,80.510000
32.800000,79.330000
32.900000,77.000000
33.000000,78.910000
33.100000,79.180000
33.200000,80.740000
33.300000,79.818000
33.400000,78.603000
33.500000,79.919000
33.600000,78.818000
33.700000,79.499000
33.800000,79.300000
33.900000,80.045000
34.000000,80.894000
34.100000,78.400000
34.200000,80.916000
34.300000,79.888000
34.400000,80.892000
34.500000,79.909000
34.600000,78.333000
34.700000,79.498000
34.800000,81.311000
34.900000,79.708000
35.000000,79.592000
35.100000,81.276000
35.200000,78.918000
35.300000,80.122000
35.400000,78.926000
35.500000,80.477000
35.600000,79.879000
35.700000,76.712000
35.800000,80.262000
35.900000,78.935000
36.000000,79.887000
36.100000,79.843000
36.200000,81.960000
36.300000,79.984000
36.400000,81.991000
36.500000,79.657000
36.600000,79.097000
36.700000,80.189000
36.800000,80.712000
36.900000,79.724000
37.000000,79.741000
37.100000,79.257000
37.200000,78.263000
37.300000,79.885000
37.400000,78.982000
37.500000,77.328000
37.600000,80.016000
37.700000,81.038000
37.800000,78.584000
37.900000,79.795000
38.000000,79.059000
38.100000,79.350000
38.200000,80.284000
38.300000,81.579000
38.400000,81.242000
38.500000,78.862000
38.600000,80.117000
38.700000,80.549000
38.800000,81.028000
38.900000,81.316000
39.000000,80.289000
39.100000,80.875000
39.200000,80.572000
39.300000,81.458000
39.400000,81.549000
39.500000,82.331000
39.600000,82.060000
39.700000,81.194000
39.800000,81.509000
39.900000,82.261000
40.000000,81.369000
40.100000,80.674000
40.200000,81.363000
40.300000,80.692000
40.400000,82.064000
40.500000,80.796000
40.600000,79.422000
40.700000,81.933000
40.800000,81.142000
40.900000,80.721000
41.000000,79.239000
41.100000,79.515000
41.200000,79.353000
41.300000,78.059000
41.400000,79.694000
41.500000,79.834000
41.600000,78.763000
41.700000,80.321000
41.800000,77.617000
41.900000,77.982000
42.000000,78.715000
42.100000,78.574000
42.200000,79.850000
42.300000,79.775000
42.400000,77.780000
42.500000,79.540000
42.600000,80.216000
42.700000,79.324000
42.800000,78.397000
42.900000,79.822000
43.000000,77.867000
43.100000,79.509000
43.200000,78.955000
43.300000,79.450000
43.400000,78.674000
43.500000,79.801000
43.600000,78.627000
43.700000,78.540000
43.800000,79.722000
43.900000,78.927000
44.000000,79.679000
44.100000,79.765000
44.200000,80.173000
44.300000,81.992000
44.400000,81.234000
44.500000,80.979000
44.600000,80.971000
44.700000,80.740000
44.800000,81.006000
44.900000,79.597000
45.000000,78.302000
45.100000,78.138000
45.200000,79.191000
45.300000,77.743000
45.400000,79.868000
45.500000,78.523000
45.600000,78.130000
45.700000,78.776000
45.800000,78.761000
45.900000,79.598000
46.000000,78.066000
46.100000,79.722000
46.200000,78.142000
46.300000,77.656000
46.400000,78.089000
46.500000,77.339000
46.600000,77.799000
46.700000,78.470000
46.800000,77.860000
46.900000,76.582000
47.000000,79.716000
47.100000,76.713000
47.200000,78.675000
47.300000,76.747000
47.400000,78.014000
47.500000,76.529000
47.600000,76.480000
47.700000,78.336000
47.800000,78.848000
47.900000,77.555000
48.000000,77.314000
48.100000,76.523000
48.200000,77.843000
48.300000,77.357000
48.400000,76.708000
48.500000,77.146000
48.600000,78.005000
48.700000,79.488000
48.800000,78.929000
48.900000,77.762000
49.000000,78.491000
49.100000,78.528000
49.200000,78.172000
49.300000,79.074000
49.400000,77.318000
49.500000,79.234000
49.600000,78.489000
49.700000,78.863000
49.800000,78.501000
49.900000,78.669000
50.000000,78.239000
50.100000,79.084000
50.200000,78.405000
50.300000,77.786000
50.400000,77.932000
50.500000,77.531000
50.600000,78.077000
50.700000,77.675000
50.800000,80.392000
50.900000,77.766000
51.000000,80.029000
51.100000,77.087000
51.200000,77.608000
51.300000,79.648000
51.400000,78.264000
51.500000,80.037000
51.600000,80.586000
51.700000,78.207000
51.800000,78.761000
51.900000,79.088000
52.000000,77.935000
52.100000,79.421000
52.200000,79.149000
52.300000,78.503000
52.400000,79.543000
52.500000,79.037000
52.600000,81.659000
52.700000,78.581000
52.800000,78.968000
52.900000,78.191000
53.000000,77.772000
53.100000,77.623000
53.200000,78.629000
53.300000,78.007000
53.400000,78.926000
53.500000,78.713000
53.600000,77.886000
53.700000,77.381000
53.800000,77.755000
53.900000,78.766000
54.000000,79.365000
54.100000,78.425000
54.200000,77.933000
54.300000,79.536000
54.400000,79.144000
54.500000,78.347000
54.600000,78.675000
54.700000,78.275000
54.800000,78.862000
54.900000,80.018000
55.000000,77.390000
55.100000,77.996000
55.200000,78.912000
55.300000,80.007000
55.400000,79.347000
55.500000,77.092000
55.600000,78.111000
55.700000,79.550000
55.800000,79.373000
55.900000,78.927000
56.000000,78.021000
56.100000,78.789000
56.200000,78.494000
56.300000,78.451000
56.400000,76.981000
56.500000,78.701000
56.600000,77.907000
56.700000,78.568000
56.800000,77.873000
56.900000,78.288000
57.000000,78.862000
57.100000,79.458000
57.200000,79.922000
57.300000,78.707000
57.400000,79.495000
57.500000,81.475000
57.600000,80.530000
57.700000,80.011000
57.800000,79.633000
57.900000,80.107000
58.000000,80.814000
58.100000,80.682000
58.200000,79.296000
58.300000,80.466000
58.400000,78.974000
58.500000,78.928000
58.600000,79.183000
58.700000,79.191000
58.800000,81.584000
58.900000,80.958000
59.000000,82.498000
59.100000,81.980000
59.200000,80.696000
59.300000,83.077000
59.400000,78.019000
59.500000,79.036000
59.600000,79.757000
59.700000,79.511000
59.800000,80.012000
59.900000,80.095000
60.000000,81.834000
60.100000,80.832000
60.200000,81.823000
60.300000,79.499000
60.400000,79.209000
60.500000,79.091000
60.600000,79.648000
60.700000,78.466000
60.800000,79.223000
60.900000,79.282000
61.000000,77.920000
61.100000,80.076000
61.200000,80.502000
61.300000,79.482000
61.400000,80.280000
61.500000,80.793000
61.600000,81.909000
61.700000,80.622000
61.800000,80.297000
61.900000,80.671000
62.000000,79.869000
62.100000,79.755000
62.200000,79.335000
62.300000,81.155000
62.400000,80.041000
62.500000,78.810000
62.600000,78.714000
62.700000,80.634000
62.800000,80.982000
62.900000,79.076000
63.000000,78.592000
63.100000,77.997000
63.200000,75.460000
63.300000,79.137000
63.400000,77.731000
63.500000,78.713000
63.600000,77.961000
63.700000,79.049000
63.800000,78.338000
63.900000,78.218000
64.000000,78.331000
64.100000,77.274000
64.200000,78.336000
64.300000,77.387000
64.400000,76.487000
64.500000,77.628000
64.600000,76.416000
64.700000,79.115000
64.800000,78.586000
64.900000,78.642000
65.000000,77.729000
65.100000,77.635000
65.200000,78.679000
65.300000,78.658000
65.400000,77.889000
65.500000,79.690000
65.600000,79.671000
65.700000,78.934000
65.800000,77.411000
65.900000,78.862000
66.000000,78.375000
66.100000,78.115000
66.200000,77.325000
66.300000,79.563000
66.400000,77.756000
66.500000,77.999000
66.600000,78.074000
66.700000,78.306000
66.800000,78.039000
66.900000,77.206000
67.000000,78.858000
67.100000,77.468000
67.200000,76.030000
67.300000,77.557000
67.400000,77.365000
67.500000,75.468000
67.600000,76.616000
67.700000,76.292000
67.800000,76.841000
67.900000,76.445000
68.000000,76.641000
68.100000,77.722000
68.200000,78.646000
68.300000,78.343000
68.400000,78.732000
68.500000,77.555000
68.600000,77.127000
68.700000,74.933000
68.800000,76.510000
68.900000,78.413000
69.000000,79.652000
69.100000,79.029000
69.200000,77.274000
69.300000,76.533000
69.400000,76.889000
69.500000,76.488000
69.600000,77.843000
69.700000,78.392000
69.800000,77.338000
69.900000,77.098000
70.000000,78.239000
70.100000,76.977000
70.200000,75.193000
70.300000,77.777000
70.400000,76.478000
70.500000,76.058000
70.600000,77.484000
70.700000,77.244000
70.800000,78.096000
70.900000,76.959000
71.000000,76.667000
71.100000,74.965000
71.200000,76.056000
71.300000,76.766000
71.400000,77.182000
71.500000,77.420000
71.600000,76.415000
71.700000,74.966000
71.800000,76.169000
71.900000,77.776000
72.000000,76.702000
72.100000,77.683000
72.200000,78.584000
72.300000,76.159000
72.400000,77.330000
72.500000,75.424000
72.600000,76.377000
72.700000,76.580000
72.800000,76.536000
72.900000,76.194000
73.000000,77.417000
73.100000,77.779000
73.200000,78.611000
73.300000,76.212000
73.400000,78.263000
73.500000,76.675000
73.600000,77.315000
73.700000,79.451000
73.800000,76.317000
73.900000,78.795000
74.000000,77.543000
74.100000,77.050000
74.200000,77.651000
74.300000,76.572000
74.400000,76.764000
74.500000,76.688000
74.600000,77.064000
74.700000,75.366000
74.800000,75.623000
74.900000,77.398000
75.000000,76.654000
75.100000,77.421000
75.200000,77.786000
75.300000,76.514000
75.400000,76.295000
75.500000,77.192000
75.600000,77.127000
75.700000,78.608000
75.800000,77.454000
75.900000,76.443000
76.000000,76.093000
76.100000,76.500000
76.200000,76.837000
76.300000,77.421000
76.400000,75.829000
76.500000,75.940000
76.600000,75.594000
76.700000,77.623000
76.800000,76.502000
76.900000,78.311000
77.000000,77.117000
77.100000,77.621000
77.200000,77.365000
77.300000,75.822000
77.400000,76.791000
77.500000,78.140000
77.600000,75.862000
77.700000,77.634000
77.800000,77.123000
77.900000,77.025000
78.000000,77.815000
78.100000,76.964000
78.200000,75.889000
78.300000,76.909000
78.400000,78.152000
78.500000,77.571000
78.600000,76.576000
78.700000,77.386000
78.800000,78.221000
78.900000,75.372000
79.000000,77.062000
79.100000,77.265000
79.200000,77.420000
79.300000,76.827000
79.400000,76.493000
79.500000,76.098000
79.600000,78.839000
79.700000,77.319000
79.800000,77.996000
79.900000,77.531000
80.000000,76.710000
80.100000,78.024000
80.200000,77.501000
80.300000,79.236000
80.400000,77.281000
80.500000,78.054000
80.600000,77.696000
80.700000,76.186000
80.800000,76.543000
80.900000,77.647000
81.000000,76.958000
81.100000,77.685000
81.200000,77.844000
81.300000,77.556000
81.400000,79.383000
81.500000,78.264000
81.600000,78.804000
81.700000,77.761000
81.800000,79.762000
81.900000,78.712000
82.000000,77.916000
82.100000,78.934000
82.200000,77.107000
82.300000,78.531000
82.400000,77.446000
82.500000,77.837000
82.600000,77.741000
82.700000,77.438000
82.800000,78.845000
82.900000,78.149000
83.000000,79.273000
83.100000,77.547000
83.200000,78.229000
83.300000,77.719000
83.400000,78.019000
83.500000,77.289000
83.600000,78.870000
83.700000,78.839000
83.800000,77.111000
83.900000,77.401000
84.000000,78.924000
84.100000,77.822000
84.200000,77.262000
84.300000,77.412000
84.400000,77.281000
84.500000,77.457000
84.600000,76.739000
84.700000,76.894000
84.800000,76.238000
84.900000,76.572000
85.000000,76.470000
85.100000,77.412000
85.200000,76.149000
85.300000,78.514000
85.400000,77.553000
85.500000,76.537000
85.600000,77.757000
85.700000,77.436000
85.800000,78.502000
85.900000,78.918000
86.000000,77.087000
86.100000,76.911000
86.200000,76.816000
86.300000,77.905000
86.400000,76.244000
86.500000,76.775000
86.600000,76.739000
86.700000,75.026000
86.800000,77.571000
86.900000,78.392000
87.000000,77.945000
87.100000,77.793000
87.200000,76.737000
87.300000,76.471000
87.400000,79.332000
87.500000,77.902000
87.600000,78.959000
87.700000,77.069000
87.800000,77.285000
87.900000,77.519000
88.000000,77.650000
88.100000,78.621000
88.200000,76.814000
88.300000,76.630000
88.400000,77.871000
88.500000,77.244000
88.600000,77.821000
88.700000,77.728000
88.800000,78.314000
88.900000,77.860000
89.000000,77.265000
89.100000,80.211000
89.200000,79.017000
89.300000,79.315000
89.400000,78.531000
89.500000,78.085000
89.600000,77.196000
89.700000,78.497000
89.800000,77.677000
89.900000,77.474000
90.000000,76.862000
90.100000,76.759000
90.200000,76.738000
90.300000,77.042000
90.400000,78.779000
90.500000,77.631000
90.600000,80.304000
90.700000,78.746000
90.800000,78.511000
90.900000,77.449000
91.000000,76.920000
91.100000,78.382000
91.200000,78.596000
91.300000,77.961000
91.400000,78.395000
91.500000,79.719000
91.600000,78.989000
91.700000,78.432000
91.800000,79.407000
91.900000,78.511000
92.000000,78.705000
92.100000,78.793000
92.200000,79.195000
92.300000,78.614000
92.400000,79.382000
92.500000,77.362000
92.600000,78.881000
92.700000,78.848000
92.800000,80.011000
92.900000,79.403000
93.000000,77.701000
93.100000,76.991000
93.200000,77.742000
93.300000,78.369000
93.400000,77.242000
93.500000,76.239000
93.600000,78.598000
93.700000,77.858000
93.800000,80.323000
93.900000,78.786000
94.000000,78.722000
94.100000,77.749000
94.200000,77.788000
94.300000,77.254000
94.400000,77.724000
94.500000,76.803000
94.600000,78.609000
94.700000,79.583000
94.800000,79.258000
94.900000,78.027000
95.000000,79.094000
95.100000,77.840000
95.200000,77.551000
95.300000,78.426000
95.400000,78.320000
95.500000,78.141000
95.600000,78.215000
95.700000,78.681000
95.800000,77.308000
95.900000,78.019000
96.000000,78.358000
96.100000,78.658000
96.200000,78.280000
96.300000,80.622000
96.400000,77.891000
96.500000,79.343000
96.600000,75.798000
96.700000,79.063000
96.800000,78.811000
96.900000,77.740000
97.000000,78.523000
97.100000,78.355000
97.200000,79.680000
97.300000,78.265000
97.400000,78.873000
97.500000,78.131000
97.600000,78.008000
97.700000,80.219000
97.800000,77.772000
97.900000,78.420000
98.000000,78.714000
98.100000,78.763000
98.200000,79.789000
98.300000,79.885000
98.400000,81.089000
98.500000,79.004000
98.600000,78.661000
98.700000,77.300000
98.800000,79.276000
98.900000,78.357000
99.000000,79.278000
99.100000,78.386000
99.200000,79.563000
99.300000,77.577000
99.400000,79.253000
99.500000,80.679000
99.600000,80.033000
99.700000,79.463000
99.800000,79.876000
99.900000,80.876000
100.000000,79.567000
100.100000,78.680000
100.200000,77.213000
100.300000,78.041000
100.400000,78.757000
100.500000,78.368000
100.600000,79.579000
100.700000,78.706000
100.800000,77.643000
100.900000,78.811000
101.000000,78.570000
101.100000,78.497000
101.200000,77.539000
101.300000,78.948000
101.400000,77.658000
101.500000,78.287000
101.600000,78.781000
101.700000,79.777000
101.800000,79.523000
101.900000,78.897000
102.000000,76.249000
102.100000,78.659000
102.200000,77.313000
102.300000,79.119000
102.400000,80.652000
102.500000,78.767000
102.600000,79.468000
102.700000,79.131000
102.800000,79.174000
102.900000,77.648000
103.000000,78.355000
103.100000,77.360000
103.200000,78.379000
103.300000,77.081000
103.400000,78.734000
103.500000,78.068000
103.600000,78.001000
103.700000,80.090000
103.800000,78.173000
103.900000,79.299000
104.000000,79.084000
104.100000,81.269000
104.200000,80.389000
104.300000,78.489000
104.400000,80.689000
104.500000,80.359000
104.600000,80.803000
104.700000,78.648000
104.800000,78.783000
104.900000,77.601000
105.000000,79.445000
105.100000,78.880000
105.200000,79.983000
105.300000,79.680000
105.400000,78.682000
105.500000,77.646000
105.600000,78.244000
105.700000,81.085000
105.800000,78.178000
105.900000,80.041000
106.000000,80.200000
106.100000,79.074000
106.200000,76.827000
106.300000,80.684000
106.400000,79.402000
106.500000,77.742000
106.600000,80.125000
106.700000,78.533000
106.800000,78.619000
106.900000,78.205000
107.000000,77.920000
107.100000,80.855000
107.200000,78.133000
107.300000,81.039000
107.400000,77.485000
107.500000,79.066000
107.600000,78.872000
107.700000,78.636000
107.800000,78.039000
107.900000,78.869000
108.000000,79.083000
108.100000,79.612000
108.200000,78.487000
108.300000,77.934000
108.400000,80.093000
108.500000,77.964000
108.600000,78.933000
108.700000,78.547000
108.800000,78.053000
108.900000,79.361000
109.000000,79.412000
109.100000,78.291000
109.200000,80.951000
109.300000,80.853000
109.400000,80.538000
109.500000,80.479000
109.600000,80.700000
109.700000,80.351000
109.800000,81.964000
109.900000,82.006000
110.000000,80.637000
110.100000,79.814000
110.200000,81.201000
110.300000,81.950000
110.400000,80.113000
110.500000,80.627000
110.600000,80.203000
110.700000,77.428000
110.800000,80.216000
110.900000,77.405000
111.000000,79.881000
111.100000,79.358000
111.200000,79.580000
111.300000,79.064000
111.400000,80.098000
111.500000,77.012000
111.600000,78.751000
111.700000,78.794000
111.800000,78.872000
111.900000,78.238000
112.000000,79.151000
112.100000,75.638000
112.200000,78.207000
112.300000,79.134000
112.400000,77.882000
112.500000,79.490000
112.600000,79.379000
112.700000,78.799000
112.800000,78.673000
112.900000,78.022000
113.000000,77.997000
113.100000,77.753000
113.200000,79.455000
113.300000,76.738000
113.400000,79.177000
113.500000,76.862000
113.600000,78.088000
113.700000,78.144000
113.800000,78.456000
113.900000,78.179000
114.000000,78.397000
114.100000,79.256000
114.200000,75.370000
114.300000,77.283000
114.400000,77.458000
114.500000,79.191000
114.600000,79.899000
114.700000,78.053000
114.800000,79.347000
114.900000,78.956000
115.000000,77.533000
115.100000,79.307000
115.200000,79.494000
115.300000,76.663000
115.400000,78.199000
115.500000,78.118000
115.600000,75.529000
115.700000,76.698000
115.800000,79.065000
115.900000,80.062000
116.000000,78.883000
116.100000,78.185000
116.200000,77.904000
116.300000,79.512000
116.400000,79.946000
116.500000,78.781000
116.600000,79.261000
116.700000,79.034000
116.800000,80.013000
116.900000,78.786000
117.000000,79.873000
117.100000,79.649000
117.200000,78.606000
117.300000,79.816000
117.400000,79.069000
117.500000,78.764000
117.600000,78.040000
117.700000,80.412000
117.800000,78.576000
117.900000,77.924000
118.000000,79.070000
118.100000,78.431000
118.200000,79.295000
118.300000,76.443000
118.400000,78.956000
118.500000,76.638000
118.600000,78.588000
118.700000,79.206000
118.800000,76.183000
118.900000,78.755000
119.000000,78.172000
119.100000,79.031000
119.200000,77.510000
119.300000,77.989000
119.400000,77.613000
119.500000,77.808000
119.600000,76.924000
119.700000,77.477000
119.800000,78.066000
119.900000,77.723000
120.000000,76.906000
120.100000,77.508000
120.200000,79.399000
120.300000,77.354000
120.400000,78.297000
120.500000,79.116000
120.600000,77.699000
120.700000,79.914000
120.800000,77.917000
120.900000,77.194000
121.000000,77.483000
121.100000,78.003000
121.200000,79.341000
121.300000,78.533000
121.400000,78.746000
121.500000,76.629000
121.600000,77.425000
121.700000,78.565000
121.800000,78.482000
121.900000,78.658000
122.000000,78.426000
122.100000,78.131000
122.200000,79.494000
122.300000,77.053000
122.400000,76.518000
122.500000,78.236000
122.600000,77.165000
122.700000,78.116000
122.800000,76.891000
122.900000,78.987000
123.000000,77.084000
123.100000,77.702000
123.200000,75.215000
123.300000,79.157000
123.400000,78.278000
123.500000,76.986000
123.600000,77.443000
123.700000,76.999000
123.800000,78.515000
123.900000,76.772000
124.000000,75.732000
124.100000,77.790000
124.200000,77.186000
124.300000,77.130000
124.400000,77.577000
124.500000,78.621000
124.600000,77.523000
124.700000,76.874000
124.800000,76.428000
124.900000,76.869000
125.000000,76.210000
125.100000,78.256000
125.200000,76.610000
125.300000,75.865000
125.400000,76.799000
125.500000,75.319000
125.600000,77.130000
125.700000,78.403000
125.800000,76.383000
125.900000,79.065000
126.000000,76.160000
126.100000,77.079000
126.200000,75.332000
126.300000,76.860000
126.400000,76.444000
126.500000,76.808000
126.600000,76.526000
126.700000,77.030000
126.800000,78.708000
126.900000,76.857000
127.000000,77.737000
127.100000,76.892000
127.200000,79.272000
127.300000,77.556000
127.400000,76.736000
127.500000,78.269000
127.600000,78.179000
127.700000,76.386000
127.800000,77.946000
127.900000,76.557000
128.000000,77.779000
128.100000,76.975000
128.200000,78.064000
128.300000,78.507000
128.400000,76.718000
128.500000,78.484000
128.600000,76.180000
128.700000,76.547000
128.800000,77.128000
128.900000,76.685000
129.000000,79.395000
129.100000,77.281000
129.200000,77.905000
129.300000,78.290000
129.400000,77.737000
129.500000,77.589000
129.600000,78.261000
129.700000,77.912000
129.800000,75.670000
129.900000,77.690000
130.000000,76.515000
130.100000,78.432000
130.200000,77.616000
130.300000,77.047000
130.400000,77.294000
130.500000,76.514000
130.600000,76.984000
130.700000,77.029000
130.800000,77.912000
130.900000,78.921000
131.000000,78.709000
131.100000,78.201000
131.200000,78.891000
131.300000,78.676000
131.400000,78.421000
131.500000,77.027000
131.600000,77.590000
131.700000,77.409000
131.800000,77.572000
131.900000,78.159000
132.000000,76.672000
132.100000,76.468000
132.200000,78.268000
132.300000,77.333000
132.400000,77.462000
132.500000,76.929000
132.600000,77.928000
132.700000,76.483000
132.800000,78.206000
132.900000,78.157000
133.000000,76.098000
133.100000,78.327000
133.200000,78.611000
133.300000,78.822000
133.400000,78.190000
133.500000,77.682000
133.600000,77.829000
133.700000,78.990000
133.800000,76.328000
133.900000,76.446000
134.000000,76.989000
134.100000,78.754000
134.200000,77.506000
134.300000,75.845000
134.400000,80.063000
134.500000,77.129000
134.600000,78.406000
134.700000,78.534000
134.800000,77.671000
134.900000,77.396000
135.000000,76.385000
135.100000,78.433000
135.200000,77.045000
135.300000,79.528000
135.400000,78.354000
135.500000,77.350000
135.600000,77.965000
135.700000,77.479000
135.800000,77.294000
135.900000,78.753000
136.000000,78.023000
136.100000,76.142000
136.200000,76.710000
136.300000,77.200000
136.400000,79.969000
136.500000,77.691000
136.600000,77.817000
136.700000,76.791000
136.800000,78.412000
136.900000,77.251000
137.000000,77.765000
137.100000,79.052000
137.200000,77.609000
137.300000,76.883000
137.400000,77.872000
137.500000,78.839000
137.600000,78.116000
137.700000,79.062000
137.800000,79.128000
137.900000,77.901000
138.000000,78.104000
138.100000,78.635000
138.200000,76.621000
138.300000,77.251000
138.400000,79.465000
138.500000,77.849000
138.600000,77.354000
138.700000,77.397000
138.800000,76.933000
138.900000,77.949000
139.000000,80.883000
139.100000,78.950000
139.200000,76.215000
139.300000,76.509000
139.400000,75.860000
139.500000,77.854000
139.600000,78.138000
139.700000,76.735000
139.800000,76.609000
139.900000,77.244000
140.000000,78.676000
140.100000,77.625000
140.200000,76.678000
140.300000,76.254000
140.400000,78.890000
140.500000,77.949000
140.600000,77.977000
140.700000,78.254000
140.800000,80.627000
140.900000,77.326000
141.000000,78.279000
141.100000,78.668000
141.200000,77.719000
141.300000,77.917000
141.400000,78.491000
141.500000,78.544000
141.600000,77.461000
141.700000,75.478000
141.800000,76.943000
141.900000,77.785000
142.000000,78.123000
142.100000,77.589000
142.200000,76.983000
142.300000,77.742000
142.400000,78.850000
142.500000,75.695000
142.600000,77.266000
142.700000,78.335000
142.800000,77.709000
142.900000,79.097000
143.000000,79.443000
143.100000,80.061000
143.200000,78.769000
143.300000,80.248000
143.400000,78.979000
143.500000,79.393000
143.600000,79.763000
143.700000,77.652000
143.800000,78.674000
143.900000,77.057000
144.000000,80.559000
144.100000,79.020000
144.200000,79.940000
144.300000,78.523000
144.400000,78.829000
144.500000,79.546000
144.600000,80.839000
144.700000,78.716000
144.800000,78.243000
144.900000,79.708000
145.000000,78.869000
145.100000,78.895000
145.200000,77.313000
145.300000,79.660000
145.400000,79.843000
145.500000,78.600000
145.600000,78.114000
145.700000,78.443000
145.800000,81.184000
145.900000,79.393000
146.000000,80.902000
146.100000,80.072000
146.200000,81.048000
146.300000,80.520000
146.400000,80.312000
146.500000,79.237000
146.600000,78.711000
146.700000,77.451000
146.800000,77.589000
146.900000,79.010000
147.000000,77.660000
147.100000,80.881000
147.200000,80.462000
147.300000,78.428000
147.400000,77.103000
147.500000,80.056000
147.600000,78.736000
147.700000,78.189000
147.800000,79.328000
147.900000,78.955000
148.000000,79.381000
148.100000,77.490000
148.200000,78.911000
148.300000,79.734000
148.400000,78.963000
148.500000,79.022000
148.600000,80.654000
148.700000,79.408000
148.800000,79.626000
148.900000,80.564000
149.000000,79.492000
149.100000,81.126000
149.200000,79.477000
149.300000,78.036000
149.400000,78.428000
149.500000,79.994000
149.600000,79.440000
149.700000,79.047000
149.800000,76.399000
149.900000,77.312000
150.000000,79.336000
150.100000,79.512000
150.200000,76.640000
150.300000,76.802000
150.400000,78.884000
150.500000,77.673000
150.600000,78.103000
150.700000,76.814000
150.800000,77.479000
150.900000,78.476000
151.000000,79.209000
151.100000,78.126000
151.200000,78.698000
151.300000,79.106000
151.400000,78.185000
151.500000,78.021000
151.600000,77.923000
151.700000,78.894000
151.800000,78.004000
151.900000,78.001000
152.000000,77.974000
152.100000,79.933000
152.200000,78.779000
152.300000,77.412000
152.400000,76.605000
152.500000,79.702000
152.600000,79.904000
152.700000,79.126000
152.800000,78.905000
152.900000,78.888000
153.000000,77.974000
153.100000,77.454000
153.200000,77.480000
153.300000,77.821000
153.400000,78.076000
153.500000,75.697000
153.600000,77.840000
153.700000,77.757000
153.800000,77.876000
153.900000,77.377000
154.000000,76.685000
154.100000,77.186000
154.200000,78.267000
154.300000,78.020000
154.400000,78.395000
154.500000,78.050000
154.600000,78.439000
154.700000,78.075000
154.800000,78.108000
154.900000,77.411000
155.000000,78.700000
155.100000,79.624000
155.200000,77.395000
155.300000,76.953000
155.400000,75.667000
155.500000,77.663000
155.600000,77.371000
155.700000,77.851000
155.800000,77.186000
155.900000,78.947000
156.000000,77.968000
156.100000,78.458000
156.200000,78.862000
156.300000,78.828000
156.400000,79.373000
156.500000,77.988000
156.600000,78.635000
156.700000,79.307000
156.800000,80.466000
156.900000,78.083000
157.000000,79.025000
157.100000,77.222000
157.200000,80.065000
157.300000,78.174000
157.400000,78.291000
157.500000,79.580000
157.600000,79.374000
157.700000,77.803000
157.800000,77.559000
157.900000,77.518000
158.000000,80.069000
158.100000,76.640000
158.200000,76.296000
158.300000,77.583000
158.400000,76.023000
158.500000,76.245000
158.600000,78.050000
158.700000,78.385000
158.800000,77.509000
158.900000,78.912000
159.000000,79.376000
159.100000,78.955000
159.200000,78.978000
159.300000,77.082000
159.400000,77.110000
159.500000,78.182000
159.600000,78.236000
159.700000,76.968000
159.800000,78.047000
159.900000,80.048000
160.000000,78.074000
160.100000,78.470000
160.200000,78.745000
160.300000,79.606000
160.400000,78.635000
160.500000,79.299000
160.600000,79.051000
160.700000,79.014000
160.800000,78.510000
160.900000,79.107000
161.000000,77.701000
161.100000,79.371000
161.200000,79.492000
161.300000,79.022000
161.400000,79.784000
161.500000,78.143000
161.600000,78.074000
161.700000,79.934000
161.800000,79.268000
161.900000,79.699000
162.000000,78.790000
162.100000,79.446000
162.200000,78.639000
162.300000,79.425000
162.400000,78.027000
162.500000,79.242000
162.600000,77.845000
162.700000,77.621000
162.800000,78.020000
162.900000,80.356000
163.000000,79.583000
163.100000,77.996000
163.200000,77.306000
163.300000,76.970000
163.400000,77.308000
163.500000,77.511000
163.600000,79.575000
163.700000,79.387000
163.800000,80.541000
163.900000,78.030000
164.000000,78.263000
164.100000,79.847000
164.200000,77.789000
164.300000,80.047000
164.400000,79.593000
164.500000,77.408000
164.600000,79.084000
164.700000,79.031000
164.800000,76.667000
164.900000,78.949000
165.000000,77.835000
165.100000,78.349000
165.200000,81.669000
165.300000,79.196000
165.400000,79.828000
165.500000,79.650000
165.600000,79.124000
165.700000,79.602000
165.800000,79.257000
165.900000,78.691000
166.000000,78.602000
166.100000,80.046000
166.200000,78.750000
166.300000,77.851000
166.400000,79.228000
166.500000,78.194000
166.600000,78.556000
166.700000,78.444000
166.800000,77.084000
166.900000,79.873000
167.000000,76.688000
167.100000,77.943000
167.200000,76.024000
167.300000,77.780000
167.400000,78.265000
167.500000,76.948000
167.600000,77.210000
167.700000,78.578000
167.800000,78.778000
167.900000,77.273000
168.000000,76.001000
168.100000,77.148000
168.200000,76.844000
168.300000,78.864000
168.400000,78.636000
168.500000,78.136000
168.600000,77.010000
168.700000,78.494000
168.800000,77.782000
168.900000,77.533000
169.000000,76.434000
169.100000,75.957000
169.200000,78.311000
169.300000,78.282000
169.400000,77.432000
169.500000,79.022000
169.600000,76.481000
169.700000,78.037000
169.800000,78.602000
169.900000,77.331000
170.000000,76.429000
170.100000,75.972000
170.200000,76.790000
170.300000,77.475000
170.400000,76.536000
170.500000,75.605000
170.600000,77.315000
170.700000,75.900000
170.800000,76.949000
170.900000,75.682000
171.000000,78.838000
171.100000,79.474000
171.200000,78.043000
171.300000,76.790000
171.400000,78.595000
171.500000,76.562000
171.600000,76.844000
171.700000,78.303000
171.800000,77.656000
171.900000,77.439000
172.000000,77.102000
172.100000,76.007000
172.200000,78.372000
172.300000,77.810000
172.400000,77.146000
172.500000,78.968000
172.600000,78.310000
172.700000,78.060000
172.800000,75.378000
172.900000,77.805000
173.000000,78.051000
173.100000,76.614000
173.200000,78.377000
173.300000,79.692000
173.400000,78.002000
173.500000,77.976000
173.600000,78.027000
173.700000,78.162000
173.800000,75.388000
173.900000,75.512000
174.000000,77.594000
174.100000,78.005000
174.200000,76.205000
174.300000,77.482000
174.400000,76.948000
174.500000,74.418000
174.600000,75.090000
174.700000,76.986000
174.800000,76.949000
174.900000,78.389000
175.000000,78.520000
175.100000,77.586000
175.200000,77.238000
175.300000,78.116000
175.400000,76.524000
175.500000,76.833000
175.600000,78.335000
175.700000,77.302000
175.800000,78.377000
175.900000,77.785000
176.000000,77.102000
176.100000,78.409000
176.200000,77.149000
176.300000,76.405000
176.400000,77.203000
176.500000,77.431000
176.600000,77.582000
176.700000,78.816000
176.800000,76.854000
176.900000,76.604000
177.000000,78.599000
177.100000,78.010000
177.200000,76.263000
177.300000,77.492000
177.400000,76.551000
177.500000,77.153000
177.600000,76.580000
177.700000,76.863000
177.800000,77.751000
177.900000,77.006000
178.000000,76.401000
178.100000,77.437000
178.200000,78.115000
178.300000,77.694000
178.400000,78.381000
178.500000,77.234000
178.600000,76.428000
178.700000,78.744000
178.800000,77.264000
178.900000,77.088000
179.000000,78.734000
179.100000,78.922000
179.200000,79.792000
179.300000,77.556000
179.400000,78.979000
179.500000,79.129000
179.600000,78.719000
179.700000,79.131000
179.800000,76.838000
179.900000,78.499000
180.000000,79.903000
180.100000,79.604000
180.200000,77.859000
180.300000,78.508000
180.400000,78.575000
180.500000,76.888000
180.600000,78.776000
180.700000,78.183000
180.800000,77.007000
180.900000,76.366000
181.000000,79.067000
181.100000,79.791000
181.200000,77.664000
181.300000,77.907000
181.400000,78.172000
181.500000,78.138000
181.600000,75.792000
181.700000,77.497000
181.800000,78.677000
181.900000,78.592000
182.000000,78.571000
182.100000,79.865000
182.200000,78.828000
182.300000,80.476000
182.400000,79.276000
182.500000,78.358000
182.600000,77.941000
182.700000,78.216000
182.800000,78.197000
182.900000,78.891000
183.000000,78.125000
183.100000,79.867000
183.200000,78.637000
183.300000,78.666000
183.400000,79.513000
183.500000,78.916000
183.600000,77.981000
183.700000,78.493000
183.800000,79.856000
183.900000,78.700000
184.000000,79.520000
184.100000,78.975000
184.200000,80.835000
184.300000,78.371000
184.400000,79.574000
184.500000,78.969000
184.600000,78.399000
184.700000,79.060000
184.800000,79.287000
184.900000,80.688000
185.000000,80.020000
185.100000,77.096000
185.200000,77.872000
185.300000,78.471000
185.400000,79.730000
185.500000,77.929000
185.600000,76.004000
185.700000,78.542000
185.800000,78.505000
185.900000,77.915000
186.000000,79.791000
186.100000,78.804000
186.200000,79.001000
186.300000,78.549000
186.400000,77.762000
186.500000,79.733000
186.600000,78.873000
186.700000,79.498000
186.800000,79.573000
186.900000,77.595000
187.000000,78.812000
187.100000,78.641000
187.200000,78.661000
187.300000,78.719000
187.400000,80.795000
187.500000,78.076000
187.600000,79.057000
187.700000,78.694000
187.800000,77.275000
187.900000,79.216000
188.000000,78.135000
188.100000,77.124000
188.200000,78.345000
188.300000,77.079000
188.400000,79.506000
188.500000,78.664000
188.600000,79.022000
188.700000,78.457000
188.800000,77.975000
188.900000,77.669000
189.000000,79.232000
189.100000,77.336000
189.200000,77.515000
189.300000,76.529000
189.400000,78.279000
189.500000,77.308000
189.600000,79.258000
189.700000,77.680000
189.800000,77.778000
189.900000,78.256000
190.000000,77.192000
190.100000,78.255000
190.200000,77.670000
190.300000,78.893000
190.400000,78.966000
190.500000,78.838000
190.600000,78.018000
190.700000,78.337000
190.800000,78.654000
190.900000,77.269000
191.000000,80.217000
191.100000,80.432000
191.200000,79.325000
191.300000,78.162000
191.400000,80.404000
191.500000,79.910000
191.600000,79.427000
191.700000,78.648000
191.800000,78.799000
191.900000,77.728000
192.000000,78.933000
192.100000,79.003000
192.200000,77.544000
192.300000,76.770000
192.400000,78.525000
192.500000,79.653000
192.600000,78.829000
192.700000,79.977000
192.800000,81.460000
192.900000,79.210000
193.000000,79.772000
193.100000,79.088000
193.200000,79.935000
193.300000,78.672000
193.400000,80.411000
193.500000,79.355000
193.600000,79.482000
193.700000,81.400000
193.800000,78.688000
193.900000,80.456000
194.000000,80.612000
194.100000,80.958000
194.200000,79.086000
194.300000,78.653000
194.400000,79.354000
194.500000,79.093000
194.600000,81.015000
194.700000,79.108000
194.800000,80.943000
194.900000,79.822000
195.000000,80.801000
195.100000,80.415000
195.200000,79.713000
195.300000,79.011000
195.400000,79.569000
195.500000,78.871000
195.600000,78.398000
195.700000,79.577000
195.800000,79.750000
195.900000,79.370000
196.000000,80.892000
196.100000,79.190000
196.200000,79.862000
196.300000,80.142000
196.400000,79.615000
196.500000,78.593000
196.600000,78.922000
196.700000,80.023000
196.800000,80.603000
196.900000,80.689000
197.000000,80.222000
197.100000,79.804000
197.200000,81.314000
197.300000,81.129000
197.400000,79.722000
197.500000,80.077000
197.600000,79.105000
197.700000,78.248000
197.800000,79.386000
197.900000,79.928000
198.000000,79.422000
198.100000,80.925000
198.200000,81.971000
198.300000,80.106000
198.400000,80.664000
198.500000,79.525000
198.600000,79.565000
198.700000,77.839000
198.800000,79.532000
198.900000,78.596000
199.000000,78.058000
199.100000,79.858000
199.200000,77.422000
199.300000,78.725000
199.400000,78.402000
199.500000,79.703000
199.600000,78.459000
199.700000,80.092000
199.800000,80.034000
199.900000,78.773000
200.000000,80.516000
