consensus_index,reference_label,reference_resid,reference_aa,p17612_ATP_resid,p17612_ATP_aa,o60674_ATP_resid,o60674_ATP_aa,p24941_ATP_resid,p24941_ATP_aa,q13418_ATP_resid,q13418_ATP_aa,q8ivt5_ATP_resid,q8ivt5_ATP_aa
0,p17612_ATP,4,I,4,I,4,N,4,V,4,L,4,G
1,p17612_ATP,5,K,5,K,5,E,5,E,5,T,5,E
2,p17612_ATP,7,L,7,L,7,L,7,I,7,L,7,I
3,p17612_ATP,8,G,8,G,8,G,8,G,8,N,8,G
4,p17612_ATP,9,T,9,T,9,Q,9,E,9,E,9,Q
5,p17612_ATP,10,G,10,G,10,G,10,G,10,N,10,G
6,p17612_ATP,11,S,11,S,11,T,11,T,11,H,11,R
7,p17612_ATP,12,F,12,F,12,F,12,Y,12,S,12,W
8,p17612_ATP,13,G,13,G,13,T,13,G,13,G,13,G
9,p17612_ATP,14,R,14,R,14,K,14,V,14,E,14,R
10,p17612_ATP,15,V,15,V,15,I,15,V,15,L,15,V
11,p17612_ATP,17,L,17,L,17,K,17,K,17,K,17,R
12,p17612_ATP,18,V,18,V,18,G,18,A,18,G,18,G
13,p17612_ATP,19,K,19,K,19,V,19,R,,,,
14,p17612_ATP,20,H,20,H,20,R,20,N,,,,
18,p17612_ATP,25,N,25,N,25,D,,,,,,
19,p17612_ATP,26,H,26,H,26,Y,,,,,,
20,p17612_ATP,27,Y,27,Y,27,G,,,,,,
21,p17612_ATP,28,A,28,A,28,Q,,,,,,
22,p17612_ATP,29,M,29,M,29,L,,,,,,
23,p17612_ATP,34,K,34,K,30,H,,,23,N,,
24,p17612_ATP,35,Q,35,Q,31,E,,,24,D,23,E
25,p17612_ATP,37,V,37,V,33,E,26,V,26,V,25,A
26,p17612_ATP,38,V,38,V,34,V,27,V,27,V,26,I
27,p17612_ATP,39,K,39,K,35,L,28,A,28,K,27,R
28,p17612_ATP,40,L,40,L,36,L,29,L,29,V,28,L
29,p17612_ATP,41,K,41,K,37,K,30,K,30,L,29,L
30,p17612_ATP,43,I,43,I,39,L,32,I,32,V,31,M
36,p17612_ATP,46,T,46,T,50,F,45,A,43,F,42,F
37,p17612_ATP,49,E,49,E,53,A,48,E,46,E,45,E
38,p17612_ATP,52,I,52,I,56,M,51,L,49,R,48,N
39,p17612_ATP,53,L,53,L,57,M,52,L,50,L,49,Y
40,p17612_ATP,54,Q,54,Q,58,S,53,K,51,R,50,R
41,p17612_ATP,56,V,56,V,60,L,55,L,53,F,52,T
42,p17612_ATP,57,N,57,N,61,S,56,N,54,S,53,R
43,p17612_ATP,58,F,58,F,62,H,57,H,55,H,54,H
44,p17612_ATP,59,P,59,P,63,K,58,P,56,P,55,E
45,p17612_ATP,60,F,60,F,64,H,59,N,57,N,56,N
46,p17612_ATP,61,L,61,L,65,L,60,I,58,V,57,V
47,p17612_ATP,62,V,62,V,66,V,61,V,59,L,58,V
48,p17612_ATP,64,L,64,L,68,N,63,L,61,V,60,F
49,p17612_ATP,65,E,65,E,69,Y,64,L,62,L,61,M
50,p17612_ATP,66,F,66,F,70,G,65,D,63,G,62,G
51,p17612_ATP,67,S,67,S,71,V,66,V,64,A,63,A
52,p17612_ATP,68,F,68,F,72,C,67,I,65,C,64,C
54,p17612_ATP,73,N,73,N,77,E,72,K,72,H,69,H
55,p17612_ATP,74,L,74,L,78,N,73,L,73,P,70,L
56,p17612_ATP,76,M,76,M,80,L,75,L,75,L,72,I
57,p17612_ATP,77,V,77,V,81,V,76,V,76,I,73,I
58,p17612_ATP,78,M,78,M,82,Q,77,F,77,T,74,T
59,p17612_ATP,79,E,79,E,83,E,78,E,78,H,75,S
60,p17612_ATP,80,Y,80,Y,84,F,79,F,79,W,76,F
61,p17612_ATP,81,V,81,V,85,V,80,L,80,M,77,C
62,p17612_ATP,84,G,84,G,88,G,83,D,83,G,80,R
63,p17612_ATP,85,E,85,E,89,S,84,L,84,S,81,T
64,p17612_ATP,86,M,86,M,90,L,85,K,85,L,82,L
65,p17612_ATP,88,S,88,S,92,T,87,F,87,N,84,S
66,p17612_ATP,90,L,90,L,94,L,89,D,89,L,86,V
67,p17612_ATP,91,R,91,R,95,K,90,A,90,H,87,R
71,p17612_ATP,96,F,96,F,101,I,96,I,97,V,93,L
76,p17612_ATP,104,Y,104,Y,109,V,104,Y,105,F,101,I
78,p17612_ATP,107,Q,107,Q,112,Q,107,Q,108,D,104,E
79,p17612_ATP,108,I,108,I,113,L,108,L,109,M,105,I
81,p17612_ATP,111,T,111,T,116,A,111,G,112,G,108,G
82,p17612_ATP,112,F,112,F,117,M,112,L,113,M,109,M
84,p17612_ATP,114,Y,114,Y,119,F,114,F,115,F,111,Y
85,p17612_ATP,115,L,115,L,120,L,115,C,116,L,112,L
89,p17612_ATP,121,I,121,I,126,I,121,L,123,I,118,V
90,p17612_ATP,122,Y,122,Y,127,H,122,H,124,P,119,H
91,p17612_ATP,123,R,123,R,128,G,123,R,125,R,120,K
92,p17612_ATP,124,D,124,D,129,N,124,D,126,H,121,D
93,p17612_ATP,125,L,125,L,130,V,125,L,128,L,122,L
94,p17612_ATP,126,K,126,K,131,C,126,K,129,N,123,K
95,p17612_ATP,127,P,127,P,132,A,127,P,130,S,124,S
96,p17612_ATP,128,E,128,E,133,K,128,Q,131,R,125,K
97,p17612_ATP,129,N,129,N,134,N,129,N,132,S,126,N
98,p17612_ATP,130,L,130,L,135,I,130,L,133,V,127,V
99,p17612_ATP,131,L,131,L,136,L,131,L,134,M,128,F
100,p17612_ATP,132,I,132,I,137,L,132,I,135,I,129,Y
101,p17612_ATP,133,D,133,D,138,I,133,N,136,D,130,D
102,p17612_ATP,134,Q,134,Q,139,R,134,T,137,E,131,N
103,p17612_ATP,135,Q,135,Q,140,E,135,E,138,D,,
106,p17612_ATP,136,G,136,G,149,P,136,G,141,A,132,G
107,p17612_ATP,138,I,138,I,151,I,138,I,143,I,134,V
108,p17612_ATP,140,V,140,V,153,L,140,L,145,M,136,I
109,p17612_ATP,141,T,141,T,154,S,141,A,146,A,137,T
110,p17612_ATP,142,D,142,D,155,D,142,D,147,D,138,D
111,p17612_ATP,143,F,143,F,156,P,143,F,148,V,139,F
112,p17612_ATP,144,G,144,G,157,G,144,G,149,K,140,G
114,p17612_ATP,146,A,146,A,159,S,148,A,151,S,143,G
120,p17612_ATP,157,C,157,C,170,E,159,E,,,154,E
121,p17612_ATP,158,G,158,G,171,R,160,V,,,155,N
122,p17612_ATP,159,T,159,T,172,I,161,V,,,156,Q
124,p17612_ATP,160,P,160,P,,,163,L,161,P,164,L
125,p17612_ATP,162,Y,162,Y,174,W,165,Y,163,W,166,Y
126,p17612_ATP,163,L,163,L,175,V,166,R,164,V,167,L
127,p17612_ATP,164,A,164,A,176,P,167,A,165,A,168,A
130,p17612_ATP,167,I,167,I,179,C,170,I,168,A,171,I
136,p17612_ATP,173,Y,173,Y,186,L,177,Y,177,N,186,F
140,p17612_ATP,177,V,177,V,190,T,181,V,181,A,190,A
141,p17612_ATP,178,D,178,D,191,D,182,D,182,D,191,D
142,p17612_ATP,180,W,180,W,193,W,184,W,184,W,193,Y
143,p17612_ATP,181,A,181,A,194,S,185,S,185,S,194,A
144,p17612_ATP,182,L,182,L,195,F,186,L,186,F,195,F
146,p17612_ATP,184,V,184,V,197,T,188,C,188,V,197,T
147,p17612_ATP,185,L,185,L,198,T,189,I,189,L,198,V
150,p17612_ATP,188,E,188,E,201,E,192,E,192,E,201,E
151,p17612_ATP,189,M,189,M,202,I,193,M,193,L,202,L
155,p17612_ATP,194,P,194,P,208,K,198,A,198,V,207,W
163,p17612_ATP,204,I,204,I,,,209,L,208,I,218,I
164,p17612_ATP,205,Y,205,Y,,,210,F,,,219,W
