time_ns,bound,min_contact_distance_A,n_like_bound
0.000000,1,6.2544,1
0.100000,1,6.6330,1
0.200000,1,6.1427,1
0.300000,1,6.1160,1
0.400000,1,5.9879,1
0.500000,1,6.1165,1
0.600000,1,6.2028,1
0.700000,1,5.9211,1
0.800000,1,6.0926,1
0.900000,1,5.9464,1
1.000000,1,6.0164,1
1.100000,1,6.3624,1
1.200000,1,6.1104,1
1.300000,1,6.1292,1
1.400000,1,6.0979,1
1.500000,1,5.8783,1
1.600000,1,5.8898,1
1.700000,1,6.0366,1
1.800000,1,5.9963,1
1.900000,1,6.0403,1
2.000000,1,6.0953,1
2.100000,1,5.9378,1
2.200000,1,5.9390,1
2.300000,1,6.0755,1
2.400000,1,5.9703,1
2.500000,1,6.2392,1
2.600000,1,5.8705,1
2.700000,1,5.9913,1
2.800000,1,6.1682,1
2.900000,1,5.9995,1
3.000000,1,5.7988,1
3.100000,1,5.9667,1
3.200000,1,5.9790,1
3.300000,1,5.9158,1
3.400000,1,5.8453,1
3.500000,1,5.9978,1
3.600000,1,6.1131,1
3.700000,1,5.8500,1
3.800000,1,5.7468,1
3.900000,1,6.0243,1
4.000000,1,5.7707,1
4.100000,1,5.5668,1
4.200000,1,6.0593,1
4.300000,1,5.8941,1
4.400000,1,5.7646,1
4.500000,1,5.4840,1
4.600000,1,5.8858,1
4.700000,1,5.8881,1
4.800000,1,5.9472,1
4.900000,1,5.7303,1
5.000000,1,6.0855,1
5.100000,1,5.7588,1
5.200000,1,5.8534,1
5.300000,1,5.7942,1
5.400000,1,5.8683,1
5.500000,1,5.7318,1
5.600000,1,6.0506,1
5.700000,1,5.4802,1
5.800000,1,6.1276,1
5.900000,1,5.9465,1
6.000000,1,6.1409,1
6.100000,1,6.4022,1
6.200000,1,5.9264,1
6.300000,1,6.0728,1
6.400000,1,5.9683,1
6.500000,1,5.9065,1
6.600000,1,6.1207,1
6.700000,1,5.5799,1
6.800000,1,5.6406,1
6.900000,1,5.8588,1
7.000000,1,5.8308,1
7.100000,1,5.7122,1
7.200000,1,5.8491,1
7.300000,1,5.5891,1
7.400000,1,5.7842,1
7.500000,1,5.6963,1
7.600000,1,5.7209,1
7.700000,1,6.0767,1
7.800000,1,5.8883,1
7.900000,1,5.9740,1
8.000000,1,6.0148,1
8.100000,1,5.9712,1
8.200000,1,5.5979,1
8.300000,1,5.9155,1
8.400000,1,5.9609,1
8.500000,1,5.8317,1
8.600000,1,5.8158,1
8.700000,1,5.8437,1
8.800000,1,5.8605,1
8.900000,1,5.9871,1
9.000000,1,5.9966,1
9.100000,1,5.8876,1
9.200000,1,5.8374,1
9.300000,1,6.0939,1
9.400000,1,5.9134,1
9.500000,1,5.5938,1
9.600000,1,5.6055,1
9.700000,1,5.8097,1
9.800000,1,5.5505,1
9.900000,1,5.8180,1
10.000000,1,5.7867,1
10.100000,1,5.7201,1
10.200000,1,5.8765,1
10.300000,1,5.7693,1
10.400000,1,5.9672,1
10.500000,1,5.7824,1
10.600000,1,5.6284,1
10.700000,1,6.0609,1
10.800000,1,6.0741,1
10.900000,1,5.9721,1
11.000000,1,5.9631,1
11.100000,1,6.0979,1
11.200000,1,5.9135,1
11.300000,1,5.6062,1
11.400000,1,6.1558,1
11.500000,1,5.9719,1
11.600000,1,5.8992,1
11.700000,1,6.1690,1
11.800000,1,6.0724,1
11.900000,1,6.1149,1
12.000000,1,5.9132,1
12.100000,1,6.1756,1
12.200000,1,6.2177,1
12.300000,1,6.0544,1
12.400000,1,5.7635,1
12.500000,1,6.0482,1
12.600000,1,6.0910,1
12.700000,1,6.1574,1
12.800000,1,6.1255,1
12.900000,1,6.1682,1
13.000000,1,5.9846,1
13.100000,1,6.2288,1
13.200000,1,5.9849,1
13.300000,1,6.1381,1
13.400000,1,6.2756,1
13.500000,1,6.1032,1
13.600000,1,6.4415,1
13.700000,1,6.0319,1
13.800000,1,5.8551,1
13.900000,1,5.9655,1
14.000000,1,6.0122,1
14.100000,1,5.9778,1
14.200000,1,6.1689,1
14.300000,1,6.0251,1
14.400000,1,5.8750,1
14.500000,1,5.6641,1
14.600000,1,6.1017,1
14.700000,1,5.8130,1
14.800000,1,6.3804,1
14.900000,1,6.4783,1
15.000000,1,5.9019,1
15.100000,1,6.3374,1
15.200000,1,6.1806,1
15.300000,1,6.4185,1
15.400000,1,6.2001,1
15.500000,1,5.6376,1
15.600000,1,5.7530,1
15.700000,1,5.5998,1
15.800000,1,5.7430,1
15.900000,1,5.7974,1
16.000000,1,5.6772,1
16.100000,1,6.0203,1
16.200000,1,6.3716,1
16.300000,1,5.7729,1
16.400000,1,6.0184,1
16.500000,1,5.8335,1
16.600000,1,5.7786,1
16.700000,1,5.6609,1
16.800000,1,5.7228,1
16.900000,1,5.6996,1
17.000000,1,5.9790,1
17.100000,1,5.7790,1
17.200000,1,5.5092,1
17.300000,1,5.7858,1
17.400000,1,6.0706,1
17.500000,1,5.7431,1
17.600000,1,5.7774,1
17.700000,1,6.0500,1
17.800000,1,5.5340,1
17.900000,1,5.6935,1
18.000000,1,5.5049,1
18.100000,1,5.7153,1
18.200000,1,5.6966,1
18.300000,1,5.8083,1
18.400000,1,5.9711,1
18.500000,1,5.8914,1
18.600000,1,5.8185,1
18.700000,1,5.7112,1
18.800000,1,5.8590,1
18.900000,1,5.4319,1
19.000000,1,6.0227,1
19.100000,1,5.4469,1
19.200000,1,6.0684,1
19.300000,1,6.1211,1
19.400000,1,5.8726,1
19.500000,1,5.9686,1
19.600000,1,5.8398,1
19.700000,1,5.7996,1
19.800000,1,6.0214,1
19.900000,1,5.8867,1
20.000000,1,5.8167,1
20.100000,1,5.8575,1
20.200000,1,5.8317,1
20.300000,1,5.8144,1
20.400000,1,6.1877,1
20.500000,1,5.9376,1
20.600000,1,6.1239,1
20.700000,1,5.6920,1
20.800000,1,5.9633,1
20.900000,1,6.1603,1
21.000000,1,5.8566,1
21.100000,1,5.8477,1
21.200000,1,5.7285,1
21.300000,1,6.1243,1
21.400000,1,5.8745,1
21.500000,1,5.9957,1
21.600000,1,5.6182,1
21.700000,1,5.8178,1
21.800000,1,6.1710,1
21.900000,1,5.8972,1
22.000000,1,5.9730,1
22.100000,1,6.0200,1
22.200000,1,6.0338,1
22.300000,1,5.9508,1
22.400000,1,5.7514,1
22.500000,1,6.1642,1
22.600000,1,6.2580,1
22.700000,1,6.3459,1
22.800000,1,5.7805,1
22.900000,1,5.9821,1
23.000000,1,6.1772,1
23.100000,1,6.1901,1
23.200000,1,5.6817,1
23.300000,1,5.9850,1
23.400000,1,5.8593,1
23.500000,1,6.1451,1
23.600000,1,6.2612,1
23.700000,1,5.9478,1
23.800000,1,5.9005,1
23.900000,1,5.8522,1
24.000000,1,6.1302,1
24.100000,1,5.9572,1
24.200000,1,5.8012,1
24.300000,1,5.8438,1
24.400000,1,5.9360,1
24.500000,1,5.9897,1
24.600000,1,6.2760,1
24.700000,1,5.7529,1
24.800000,1,5.7972,1
24.900000,1,5.9127,1
25.000000,1,5.8965,1
25.100000,1,5.8287,1
25.200000,1,6.0227,1
25.300000,1,6.0046,1
25.400000,1,5.6589,1
25.500000,1,5.8477,1
25.600000,1,5.9140,1
25.700000,1,6.1822,1
25.800000,1,5.9640,1
25.900000,1,5.8617,1
26.000000,1,5.9695,1
26.100000,1,5.8904,1
26.200000,1,5.9181,1
26.300000,1,5.7043,1
26.400000,1,5.8747,1
26.500000,1,5.8547,1
26.600000,1,5.9769,1
26.700000,1,5.7553,1
26.800000,1,5.3735,1
26.900000,1,5.9147,1
27.000000,1,5.8416,1
27.100000,1,5.6895,1
27.200000,1,6.1050,1
27.300000,1,6.1513,1
27.400000,1,5.8373,1
27.500000,1,6.1492,1
27.600000,1,6.1237,1
27.700000,1,5.7957,1
27.800000,1,5.7528,1
27.900000,1,5.8617,1
28.000000,1,5.5744,1
28.100000,1,5.5999,1
28.200000,1,6.0370,1
28.300000,1,5.7448,1
28.400000,1,6.0198,1
28.500000,1,6.0687,1
28.600000,1,5.8907,1
28.700000,1,5.8122,1
28.800000,1,6.0595,1
28.900000,1,6.1704,1
29.000000,1,5.8297,1
29.100000,1,6.0359,1
29.200000,1,6.0696,1
29.300000,1,6.0983,1
29.400000,1,5.6438,1
29.500000,1,6.0106,1
29.600000,1,6.2774,1
29.700000,1,6.0243,1
29.800000,1,6.0759,1
29.900000,1,5.9155,1
30.000000,1,5.8287,1
30.100000,1,6.0374,1
30.200000,1,6.1673,1
30.300000,1,5.8057,1
30.400000,1,5.9551,1
30.500000,1,6.0859,1
30.600000,1,5.9775,1
30.700000,1,6.3077,1
30.800000,1,6.0337,1
30.900000,1,6.1524,1
31.000000,1,6.2087,1
31.100000,1,6.1360,1
31.200000,1,5.9042,1
31.300000,1,6.2908,1
31.400000,1,6.0636,1
31.500000,1,6.0798,1
31.600000,1,5.9276,1
31.700000,1,6.0348,1
31.800000,1,5.9135,1
31.900000,1,5.6872,1
32.000000,1,6.1021,1
32.100000,1,5.7770,1
32.200000,1,5.8792,1
32.300000,1,6.1288,1
32.400000,1,6.0401,1
32.500000,1,5.6797,1
32.600000,1,5.6580,1
32.700000,1,5.8155,1
32.800000,1,5.8866,1
32.900000,1,6.1431,1
33.000000,1,6.0742,1
33.100000,1,5.9609,1
33.200000,1,6.3186,1
33.300000,1,6.0923,1
33.400000,1,5.8457,1
33.500000,1,6.0758,1
33.600000,1,6.1089,1
33.700000,1,6.0635,1
33.800000,1,5.9968,1
33.900000,1,6.0836,1
34.000000,1,6.0086,1
34.100000,1,5.8688,1
34.200000,1,5.8619,1
34.300000,1,6.0040,1
34.400000,1,6.1635,1
34.500000,1,5.9919,1
34.600000,1,5.7356,1
34.700000,1,5.8053,1
34.800000,1,6.0608,1
34.900000,1,5.7719,1
35.000000,1,5.9280,1
35.100000,1,6.0828,1
35.200000,1,6.0004,1
35.300000,1,5.8598,1
35.400000,1,5.9273,1
35.500000,1,5.8519,1
35.600000,1,5.9726,1
35.700000,1,6.0018,1
35.800000,1,5.8718,1
35.900000,1,5.9622,1
36.000000,1,6.2074,1
36.100000,1,5.8148,1
36.200000,1,5.9479,1
36.300000,1,5.6065,1
36.400000,1,5.8324,1
36.500000,1,5.7747,1
36.600000,1,5.9986,1
36.700000,1,5.8403,1
36.800000,1,5.5387,1
36.900000,1,5.9525,1
37.000000,1,5.5426,1
37.100000,1,5.9388,1
37.200000,1,5.7495,1
37.300000,1,5.8073,1
37.400000,1,6.1337,1
37.500000,1,5.9423,1
37.600000,1,6.0796,1
37.700000,1,5.9307,1
37.800000,1,5.6919,1
37.900000,1,5.9604,1
38.000000,1,6.0097,1
38.100000,1,6.1933,1
38.200000,1,6.0253,1
38.300000,1,6.1344,1
38.400000,1,5.9741,1
38.500000,1,5.9392,1
38.600000,1,5.8048,1
38.700000,1,6.3826,1
38.800000,1,6.0082,1
38.900000,1,6.0373,1
39.000000,1,6.1394,1
39.100000,1,5.9386,1
39.200000,1,6.1179,1
39.300000,1,6.1849,1
39.400000,1,6.1332,1
39.500000,1,6.1278,1
39.600000,1,5.8067,1
39.700000,1,6.0918,1
39.800000,1,5.9395,1
39.900000,1,5.9322,1
40.000000,1,5.8103,1
40.100000,1,5.7905,1
40.200000,1,6.0612,1
40.300000,1,6.1587,1
40.400000,1,5.9869,1
40.500000,1,5.9482,1
40.600000,1,5.8502,1
40.700000,1,6.1415,1
40.800000,1,6.1393,1
40.900000,1,5.9012,1
41.000000,1,5.5792,1
41.100000,1,6.3888,1
41.200000,1,5.7027,1
41.300000,1,5.7709,1
41.400000,1,5.7678,1
41.500000,1,6.0840,1
41.600000,1,6.1815,1
41.700000,1,6.2865,1
41.800000,1,5.9005,1
41.900000,1,5.9332,1
42.000000,1,5.8105,1
42.100000,1,5.9144,1
42.200000,1,5.8615,1
42.300000,1,5.9142,1
42.400000,1,5.9290,1
42.500000,1,5.7352,1
42.600000,1,5.9148,1
42.700000,1,6.1250,1
42.800000,1,5.9297,1
42.900000,1,6.1230,1
43.000000,1,5.8519,1
43.100000,1,5.6151,1
43.200000,1,5.8970,1
43.300000,1,5.9432,1
43.400000,1,6.0378,1
43.500000,1,5.7300,1
43.600000,1,5.7142,1
43.700000,1,5.8770,1
43.800000,1,5.8598,1
43.900000,1,5.8266,1
44.000000,1,6.1090,1
44.100000,1,5.8266,1
44.200000,1,5.9778,1
44.300000,1,5.7426,1
44.400000,1,5.9718,1
44.500000,1,6.1545,1
44.600000,1,5.9563,1
44.700000,1,6.1494,1
44.800000,1,6.0254,1
44.900000,1,5.9269,1
45.000000,1,5.7973,1
45.100000,1,6.0197,1
45.200000,1,6.1129,1
45.300000,1,5.6990,1
45.400000,1,6.2697,1
45.500000,1,5.8396,1
45.600000,1,5.9577,1
45.700000,1,5.9767,1
45.800000,1,6.0249,1
45.900000,1,6.1611,1
46.000000,1,5.9939,1
46.100000,1,6.0108,1
46.200000,1,5.7040,1
46.300000,1,5.9762,1
46.400000,1,6.0491,1
46.500000,1,5.9970,1
46.600000,1,5.8998,1
46.700000,1,5.9396,1
46.800000,1,5.9206,1
46.900000,1,6.1859,1
47.000000,1,5.7193,1
47.100000,1,6.0572,1
47.200000,1,5.9682,1
47.300000,1,5.9757,1
47.400000,1,6.1228,1
47.500000,1,6.1456,1
47.600000,1,5.8708,1
47.700000,1,5.4575,1
47.800000,1,5.9684,1
47.900000,1,5.5592,1
48.000000,1,5.7665,1
48.100000,1,5.7334,1
48.200000,1,5.5994,1
48.300000,1,5.7634,1
48.400000,1,6.0323,1
48.500000,1,6.0145,1
48.600000,1,5.8793,1
48.700000,1,6.0029,1
48.800000,1,6.3321,1
48.900000,1,5.7614,1
49.000000,1,6.2721,1
49.100000,1,6.1005,1
49.200000,1,5.9160,1
49.300000,1,5.8895,1
49.400000,1,6.0451,1
49.500000,1,6.0384,1
49.600000,1,5.9905,1
49.700000,1,5.9229,1
49.800000,1,5.9337,1
49.900000,1,5.8067,1
50.000000,1,6.0088,1
50.100000,1,6.0655,1
50.200000,1,6.0793,1
50.300000,1,6.1879,1
50.400000,1,6.3351,1
50.500000,1,6.1168,1
50.600000,1,6.1338,1
50.700000,1,5.8453,1
50.800000,1,5.9993,1
50.900000,1,6.1474,1
51.000000,1,6.1238,1
51.100000,1,6.3112,1
51.200000,1,6.1266,1
51.300000,1,5.9967,1
51.400000,1,5.9181,1
51.500000,1,5.9714,1
51.600000,1,5.9104,1
51.700000,1,6.1256,1
51.800000,1,5.7768,1
51.900000,1,5.7555,1
52.000000,1,6.0629,1
52.100000,1,5.7312,1
52.200000,1,6.0080,1
52.300000,1,5.9227,1
52.400000,1,6.1525,1
52.500000,1,5.8030,1
52.600000,1,6.0930,1
52.700000,1,5.9304,1
52.800000,1,5.5302,1
52.900000,1,5.9403,1
53.000000,1,5.6898,1
53.100000,1,5.9883,1
53.200000,1,5.5884,1
53.300000,1,5.4066,1
53.400000,1,6.0821,1
53.500000,1,5.7828,1
53.600000,1,5.9858,1
53.700000,1,5.9384,1
53.800000,1,5.8147,1
53.900000,1,5.9145,1
54.000000,1,5.5900,1
54.100000,1,5.8670,1
54.200000,1,6.2504,1
54.300000,1,5.5476,1
54.400000,1,5.7117,1
54.500000,1,5.9398,1
54.600000,1,5.6406,1
54.700000,1,6.1391,1
54.800000,1,5.9379,1
54.900000,1,6.1966,1
55.000000,1,5.8924,1
55.100000,1,5.4862,1
55.200000,1,5.8720,1
55.300000,1,6.0865,1
55.400000,1,5.6334,1
55.500000,1,5.7603,1
55.600000,1,5.9605,1
55.700000,1,6.0031,1
55.800000,1,5.6897,1
55.900000,1,5.9327,1
56.000000,1,5.9659,1
56.100000,1,5.8527,1
56.200000,1,5.5851,1
56.300000,1,5.8211,1
56.400000,1,5.6352,1
56.500000,1,5.6823,1
56.600000,1,6.0439,1
56.700000,1,5.7594,1
56.800000,1,5.7665,1
56.900000,1,5.9874,1
57.000000,1,5.7955,1
57.100000,1,6.3384,1
57.200000,1,6.0413,1
57.300000,1,6.0643,1
57.400000,1,5.7632,1
57.500000,1,5.6562,1
57.600000,1,5.8107,1
57.700000,1,5.8227,1
57.800000,1,6.0235,1
57.900000,1,5.9675,1
58.000000,1,5.6891,1
58.100000,1,5.9543,1
58.200000,1,5.9691,1
58.300000,1,5.8850,1
58.400000,1,6.1810,1
58.500000,1,5.8627,1
58.600000,1,5.7843,1
58.700000,1,5.8269,1
58.800000,1,5.6121,1
58.900000,1,5.7033,1
59.000000,1,5.7181,1
59.100000,1,6.1434,1
59.200000,1,6.3369,1
59.300000,1,5.8538,1
59.400000,1,5.8173,1
59.500000,1,5.9251,1
59.600000,1,5.8773,1
59.700000,1,5.9891,1
59.800000,1,6.1022,1
59.900000,1,5.7976,1
60.000000,1,5.9183,1
60.100000,1,6.0972,1
60.200000,1,5.8090,1
60.300000,1,5.8515,1
60.400000,1,5.9762,1
60.500000,1,6.0731,1
60.600000,1,5.8984,1
60.700000,1,6.0266,1
60.800000,1,5.7985,1
60.900000,1,6.1421,1
61.000000,1,5.9480,1
61.100000,1,5.8532,1
61.200000,1,6.0053,1
61.300000,1,5.8650,1
61.400000,1,6.0630,1
61.500000,1,5.9789,1
61.600000,1,5.9097,1
61.700000,1,5.9178,1
61.800000,1,5.6700,1
61.900000,1,6.0180,1
62.000000,1,6.0520,1
62.100000,1,6.0799,1
62.200000,1,5.6674,1
62.300000,1,5.7882,1
62.400000,1,5.6815,1
62.500000,1,5.8711,1
62.600000,1,6.0696,1
62.700000,1,5.9829,1
62.800000,1,6.1510,1
62.900000,1,5.8900,1
63.000000,1,5.7159,1
63.100000,1,6.1290,1
63.200000,1,5.9317,1
63.300000,1,5.9179,1
63.400000,1,5.9614,1
63.500000,1,5.9831,1
63.600000,1,5.8995,1
63.700000,1,6.0111,1
63.800000,1,6.0553,1
63.900000,1,5.8444,1
64.000000,1,5.8679,1
64.100000,1,5.9162,1
64.200000,1,5.9043,1
64.300000,1,5.8488,1
64.400000,1,5.9116,1
64.500000,1,6.0120,1
64.600000,1,6.0440,1
64.700000,1,5.9650,1
64.800000,1,5.9508,1
64.900000,1,5.9621,1
65.000000,1,5.8251,1
65.100000,1,6.0479,1
65.200000,1,6.1866,1
65.300000,1,6.0093,1
65.400000,1,5.9229,1
65.500000,1,6.1057,1
65.600000,1,6.0513,1
65.700000,1,5.9101,1
65.800000,1,5.8136,1
65.900000,1,5.7677,1
66.000000,1,5.9398,1
66.100000,1,5.8776,1
66.200000,1,5.9474,1
66.300000,1,5.7888,1
66.400000,1,5.9082,1
66.500000,1,5.6992,1
66.600000,1,5.5975,1
66.700000,1,5.6872,1
66.800000,1,5.6493,1
66.900000,1,5.8550,1
67.000000,1,5.6522,1
67.100000,1,5.8127,1
67.200000,1,5.7143,1
67.300000,1,5.6558,1
67.400000,1,5.7432,1
67.500000,1,5.7461,1
67.600000,1,6.0053,1
67.700000,1,5.8451,1
67.800000,1,5.8549,1
67.900000,1,5.8082,1
68.000000,1,6.1309,1
68.100000,1,6.0327,1
68.200000,1,5.7261,1
68.300000,1,5.6295,1
68.400000,1,5.6814,1
68.500000,1,5.8003,1
68.600000,1,5.8199,1
68.700000,1,6.0049,1
68.800000,1,6.1220,1
68.900000,1,5.9015,1
69.000000,1,5.9008,1
69.100000,1,5.6016,1
69.200000,1,5.8288,1
69.300000,1,5.7535,1
69.400000,1,6.1106,1
69.500000,1,5.8271,1
69.600000,1,5.9586,1
69.700000,1,5.7389,1
69.800000,1,5.7963,1
69.900000,1,5.6259,1
70.000000,1,5.9623,1
70.100000,1,6.1041,1
70.200000,1,5.6048,1
70.300000,1,5.7334,1
70.400000,1,5.6716,1
70.500000,1,5.7616,1
70.600000,1,5.7767,1
70.700000,1,5.9679,1
70.800000,1,6.1490,1
70.900000,1,5.7488,1
71.000000,1,5.6404,1
71.100000,1,5.8848,1
71.200000,1,5.8734,1
71.300000,1,5.8003,1
71.400000,1,6.2672,1
71.500000,1,5.9240,1
71.600000,1,5.9284,1
71.700000,1,5.8175,1
71.800000,1,5.8852,1
71.900000,1,6.0650,1
72.000000,1,6.2561,1
72.100000,1,5.9805,1
72.200000,1,6.1220,1
72.300000,1,5.7700,1
72.400000,1,5.8894,1
72.500000,1,6.2230,1
72.600000,1,5.9276,1
72.700000,1,6.1368,1
72.800000,1,6.1367,1
72.900000,1,5.8470,1
73.000000,1,6.2082,1
73.100000,1,6.2177,1
73.200000,1,6.0719,1
73.300000,1,6.0393,1
73.400000,1,5.8698,1
73.500000,1,5.9493,1
73.600000,1,5.8986,1
73.700000,1,5.6781,1
73.800000,1,5.9971,1
73.900000,1,5.9186,1
74.000000,1,6.1241,1
74.100000,1,6.1052,1
74.200000,1,6.0640,1
74.300000,1,6.0762,1
74.400000,1,5.8458,1
74.500000,1,5.7256,1
74.600000,1,6.0024,1
74.700000,1,5.9571,1
74.800000,1,5.7011,1
74.900000,1,5.9394,1
75.000000,1,5.9795,1
75.100000,1,5.9406,1
75.200000,1,6.0824,1
75.300000,1,5.8491,1
75.400000,1,5.9698,1
75.500000,1,5.8979,1
75.600000,1,5.9935,1
75.700000,1,5.8271,1
75.800000,1,5.9723,1
75.900000,1,6.0861,1
76.000000,1,5.8847,1
76.100000,1,6.1122,1
76.200000,1,5.8960,1
76.300000,1,6.0336,1
76.400000,1,6.0238,1
76.500000,1,6.0421,1
76.600000,1,5.8732,1
76.700000,1,6.2102,1
76.800000,1,6.3189,1
76.900000,1,5.9233,1
77.000000,1,5.9540,1
77.100000,1,5.9002,1
77.200000,1,6.2895,1
77.300000,1,5.6837,1
77.400000,1,5.7740,1
77.500000,1,6.0683,1
77.600000,1,5.8604,1
77.700000,1,5.9044,1
77.800000,1,5.8626,1
77.900000,1,6.0062,1
78.000000,1,5.8322,1
78.100000,1,5.9764,1
78.200000,1,6.1866,1
78.300000,1,6.0200,1
78.400000,1,5.9174,1
78.500000,1,5.9632,1
78.600000,1,6.0450,1
78.700000,1,5.9926,1
78.800000,1,6.0508,1
78.900000,1,5.6604,1
79.000000,1,6.0529,1
79.100000,1,5.8390,1
79.200000,1,5.8979,1
79.300000,1,5.8603,1
79.400000,1,5.7333,1
79.500000,1,6.0615,1
79.600000,1,5.9530,1
79.700000,1,5.9056,1
79.800000,1,5.8425,1
79.900000,1,5.8983,1
80.000000,1,5.8448,1
80.100000,1,5.8579,1
80.200000,1,5.7660,1
80.300000,1,5.9657,1
80.400000,1,5.5131,1
80.500000,1,5.9920,1
80.600000,1,5.7467,1
80.700000,1,5.7805,1
80.800000,1,5.7860,1
80.900000,1,5.7134,1
81.000000,1,5.6603,1
81.100000,1,5.3628,1
81.200000,1,5.9598,1
81.300000,1,6.1757,1
81.400000,1,5.8565,1
81.500000,1,6.1299,1
81.600000,1,5.9398,1
81.700000,1,5.7152,1
81.800000,1,5.9619,1
81.900000,1,6.0136,1
82.000000,1,5.9897,1
82.100000,1,5.9325,1
82.200000,1,5.8122,1
82.300000,1,5.7870,1
82.400000,1,5.8739,1
82.500000,1,5.5435,1
82.600000,1,5.7925,1
82.700000,1,5.6611,1
82.800000,1,6.2435,1
82.900000,1,6.0916,1
83.000000,1,6.0822,1
83.100000,1,5.7120,1
83.200000,1,5.8939,1
83.300000,1,5.6779,1
83.400000,1,5.5723,1
83.500000,1,5.5981,1
83.600000,1,5.7116,1
83.700000,1,5.6344,1
83.800000,1,6.1118,1
83.900000,1,5.6675,1
84.000000,1,5.9046,1
84.100000,1,5.7830,1
84.200000,1,6.0792,1
84.300000,1,5.8774,1
84.400000,1,6.0565,1
84.500000,1,6.0283,1
84.600000,1,5.9393,1
84.700000,1,6.0103,1
84.800000,1,5.9330,1
84.900000,1,5.8732,1
85.000000,1,6.0128,1
85.100000,1,6.0745,1
85.200000,1,5.8837,1
85.300000,1,5.6393,1
85.400000,1,5.9526,1
85.500000,1,5.8755,1
85.600000,1,5.9375,1
85.700000,1,5.6797,1
85.800000,1,6.0870,1
85.900000,1,5.4655,1
86.000000,1,5.9664,1
86.100000,1,5.9291,1
86.200000,1,5.9891,1
86.300000,1,5.9722,1
86.400000,1,5.9080,1
86.500000,1,5.9079,1
86.600000,1,6.0414,1
86.700000,1,5.7383,1
86.800000,1,5.8868,1
86.900000,1,6.2003,1
87.000000,1,5.7584,1
87.100000,1,6.0043,1
87.200000,1,5.7630,1
87.300000,1,6.2087,1
87.400000,1,5.9392,1
87.500000,1,6.0919,1
87.600000,1,5.9315,1
87.700000,1,5.8220,1
87.800000,1,6.2034,1
87.900000,1,6.2436,1
88.000000,1,6.1116,1
88.100000,1,5.9816,1
88.200000,1,6.1979,1
88.300000,1,6.0975,1
88.400000,1,6.1993,1
88.500000,1,5.8449,1
88.600000,1,5.7796,1
88.700000,1,5.9255,1
88.800000,1,5.9122,1
88.900000,1,5.8396,1
89.000000,1,5.9758,1
89.100000,1,5.7053,1
89.200000,1,6.0881,1
89.300000,1,5.7737,1
89.400000,1,5.6736,1
89.500000,1,5.8164,1
89.600000,1,5.9234,1
89.700000,1,6.0051,1
89.800000,1,6.0086,1
89.900000,1,5.9716,1
90.000000,1,5.8424,1
90.100000,1,5.8878,1
90.200000,1,6.1257,1
90.300000,1,5.7836,1
90.400000,1,6.0301,1
90.500000,1,5.9742,1
90.600000,1,6.0529,1
90.700000,1,6.2351,1
90.800000,1,5.8095,1
90.900000,1,5.9227,1
91.000000,1,6.2436,1
91.100000,1,5.8780,1
91.200000,1,5.8698,1
91.300000,1,6.0095,1
91.400000,1,5.9150,1
91.500000,1,5.9002,1
91.600000,1,5.7304,1
91.700000,1,5.9474,1
91.800000,1,5.9709,1
91.900000,1,5.7751,1
92.000000,1,5.9927,1
92.100000,1,5.8639,1
92.200000,1,6.1394,1
92.300000,1,6.1643,1
92.400000,1,6.1304,1
92.500000,1,5.9979,1
92.600000,1,6.0574,1
92.700000,1,5.8106,1
92.800000,1,5.9375,1
92.900000,1,6.0789,1
93.000000,1,5.9671,1
93.100000,1,6.0319,1
93.200000,1,6.0232,1
93.300000,1,5.8942,1
93.400000,1,5.9812,1
93.500000,1,5.8142,1
93.600000,1,5.6242,1
93.700000,1,5.7809,1
93.800000,1,6.0279,1
93.900000,1,5.7717,1
94.000000,1,6.0156,1
94.100000,1,5.7569,1
94.200000,1,5.9183,1
94.300000,1,6.0299,1
94.400000,1,5.8632,1
94.500000,1,5.7833,1
94.600000,1,5.9648,1
94.700000,1,5.9143,1
94.800000,1,5.8800,1
94.900000,1,5.9467,1
95.000000,1,6.1127,1
95.100000,1,5.9620,1
95.200000,1,5.6920,1
95.300000,1,5.9478,1
95.400000,1,6.0937,1
95.500000,1,5.9917,1
95.600000,1,5.7126,1
95.700000,1,5.9011,1
95.800000,1,5.8781,1
95.900000,1,5.8640,1
96.000000,1,5.9073,1
96.100000,1,5.7035,1
96.200000,1,5.7605,1
96.300000,1,5.8068,1
96.400000,1,5.9652,1
96.500000,1,5.7399,1
96.600000,1,5.9114,1
96.700000,1,5.9254,1
96.800000,1,5.9601,1
96.900000,1,5.7308,1
97.000000,1,5.9703,1
97.100000,1,6.0518,1
97.200000,1,5.8777,1
97.300000,1,5.8233,1
97.400000,1,6.0302,1
97.500000,1,5.7406,1
97.600000,1,5.6646,1
97.700000,1,6.1301,1
97.800000,1,5.8336,1
97.900000,1,5.8372,1
98.000000,1,5.9856,1
98.100000,1,6.0852,1
98.200000,1,5.9077,1
98.300000,1,6.0342,1
98.400000,1,6.0273,1
98.500000,1,5.8740,1
98.600000,1,6.2400,1
98.700000,1,6.2852,1
98.800000,1,6.0692,1
98.900000,1,6.0621,1
99.000000,1,5.9702,1
99.100000,1,6.0336,1
99.200000,1,6.0215,1
99.300000,1,6.1299,1
99.400000,1,6.0491,1
99.500000,1,6.0032,1
99.600000,1,6.3988,1
99.700000,1,6.2112,1
99.800000,1,6.0404,1
99.900000,1,5.9787,1
100.000000,1,5.8425,1
100.100000,1,5.7956,1
100.200000,1,6.0236,1
100.300000,1,6.3748,1
100.400000,1,5.7343,1
100.500000,1,6.0871,1
100.600000,1,5.9094,1
100.700000,1,5.9138,1
100.800000,1,5.8102,1
100.900000,1,5.8149,1
101.000000,1,5.8222,1
101.100000,1,5.8087,1
101.200000,1,5.4646,1
101.300000,1,5.9821,1
101.400000,1,5.8153,1
101.500000,1,5.7944,1
101.600000,1,5.6752,1
101.700000,1,5.7156,1
101.800000,1,6.0384,1
101.900000,1,5.7896,1
102.000000,1,5.8907,1
102.100000,1,5.6722,1
102.200000,1,5.9544,1
102.300000,1,5.6289,1
102.400000,1,5.6520,1
102.500000,1,5.9327,1
102.600000,1,5.7385,1
102.700000,1,5.7389,1
102.800000,1,5.7763,1
102.900000,1,5.5105,1
103.000000,1,5.5755,1
103.100000,1,5.9407,1
103.200000,1,5.8152,1
103.300000,1,5.7390,1
103.400000,1,5.8543,1
103.500000,1,5.8639,1
103.600000,1,5.9054,1
103.700000,1,5.7337,1
103.800000,1,5.7686,1
103.900000,1,5.8095,1
104.000000,1,5.7359,1
104.100000,1,5.8708,1
104.200000,1,5.9617,1
104.300000,1,5.7653,1
104.400000,1,5.7861,1
104.500000,1,5.7485,1
104.600000,1,5.8528,1
104.700000,1,6.0663,1
104.800000,1,5.7135,1
104.900000,1,5.9269,1
105.000000,1,5.7119,1
105.100000,1,5.8110,1
105.200000,1,5.9491,1
105.300000,1,5.7309,1
105.400000,1,5.6310,1
105.500000,1,5.9452,1
105.600000,1,5.7125,1
105.700000,1,5.9470,1
105.800000,1,6.0423,1
105.900000,1,5.4958,1
106.000000,1,5.8615,1
106.100000,1,5.5009,1
106.200000,1,5.7796,1
106.300000,1,5.9109,1
106.400000,1,6.1061,1
106.500000,1,5.9855,1
106.600000,1,5.6484,1
106.700000,1,5.9098,1
106.800000,1,5.8157,1
106.900000,1,5.5735,1
107.000000,1,5.7528,1
107.100000,1,5.7267,1
107.200000,1,5.6808,1
107.300000,1,5.7404,1
107.400000,1,5.8043,1
107.500000,1,5.6926,1
107.600000,1,5.8601,1
107.700000,1,5.7135,1
107.800000,1,6.0283,1
107.900000,1,5.7070,1
108.000000,1,5.7502,1
108.100000,1,6.0083,1
108.200000,1,5.9938,1
108.300000,1,5.9849,1
108.400000,1,5.8437,1
108.500000,1,5.9500,1
108.600000,1,5.7280,1
108.700000,1,5.9883,1
108.800000,1,5.8912,1
108.900000,1,6.0247,1
109.000000,1,5.6411,1
109.100000,1,5.9453,1
109.200000,1,5.7974,1
109.300000,1,5.8578,1
109.400000,1,6.1377,1
109.500000,1,5.6293,1
109.600000,1,6.1411,1
109.700000,1,5.7202,1
109.800000,1,5.7081,1
109.900000,1,5.7120,1
110.000000,1,5.8001,1
110.100000,1,6.0461,1
110.200000,1,5.9650,1
110.300000,1,6.1026,1
110.400000,1,6.0736,1
110.500000,1,6.2285,1
110.600000,1,5.9385,1
110.700000,1,6.0637,1
110.800000,1,5.9871,1
110.900000,1,6.0671,1
111.000000,1,5.8470,1
111.100000,1,5.9320,1
111.200000,1,5.9132,1
111.300000,1,6.0605,1
111.400000,1,6.1825,1
111.500000,1,6.0052,1
111.600000,1,6.4109,1
111.700000,1,6.3316,1
111.800000,1,6.3577,1
111.900000,1,6.2433,1
112.000000,1,5.8307,1
112.100000,1,5.9817,1
112.200000,1,5.9178,1
112.300000,1,5.9414,1
112.400000,1,5.8280,1
112.500000,1,5.7940,1
112.600000,1,6.1629,1
112.700000,1,5.8805,1
112.800000,1,5.9235,1
112.900000,1,6.1442,1
113.000000,1,6.1901,1
113.100000,1,6.3062,1
113.200000,1,6.2509,1
113.300000,1,5.8114,1
113.400000,1,6.0398,1
113.500000,1,5.9821,1
113.600000,1,5.7119,1
113.700000,1,5.8040,1
113.800000,1,5.7869,1
113.900000,1,6.1431,1
114.000000,1,6.1053,1
114.100000,1,5.7732,1
114.200000,1,5.9305,1
114.300000,1,5.7848,1
114.400000,1,5.9323,1
114.500000,1,5.6776,1
114.600000,1,6.3254,1
114.700000,1,6.0749,1
114.800000,1,5.8601,1
114.900000,1,5.6335,1
115.000000,1,5.7844,1
115.100000,1,5.7189,1
115.200000,1,6.1331,1
115.300000,1,5.9038,1
115.400000,1,5.8350,1
115.500000,1,5.8310,1
115.600000,1,6.0553,1
115.700000,1,5.8432,1
115.800000,1,6.1042,1
115.900000,1,5.9333,1
116.000000,1,5.8688,1
116.100000,1,5.7756,1
116.200000,1,5.9008,1
116.300000,1,5.7867,1
116.400000,1,5.7222,1
116.500000,1,5.6698,1
116.600000,1,5.8693,1
116.700000,1,6.0247,1
116.800000,1,6.0589,1
116.900000,1,6.0481,1
117.000000,1,5.6960,1
117.100000,1,5.7476,1
117.200000,1,5.9418,1
117.300000,1,5.7429,1
117.400000,1,6.1652,1
117.500000,1,6.0263,1
117.600000,1,6.0263,1
117.700000,1,6.0916,1
117.800000,1,5.8132,1
117.900000,1,5.6674,1
118.000000,1,5.7110,1
118.100000,1,6.2316,1
118.200000,1,6.0701,1
118.300000,1,5.9594,1
118.400000,1,6.0728,1
118.500000,1,6.1537,1
118.600000,1,5.7748,1
118.700000,1,6.0463,1
118.800000,1,6.0661,1
118.900000,1,5.7993,1
119.000000,1,5.9422,1
119.100000,1,6.0444,1
119.200000,1,6.1282,1
119.300000,1,6.2268,1
119.400000,1,6.1220,1
119.500000,1,6.1723,1
119.600000,1,6.0796,1
119.700000,1,5.8709,1
119.800000,1,6.1011,1
119.900000,1,6.2385,1
120.000000,1,6.2166,1
120.100000,1,6.0495,1
120.200000,1,5.8266,1
120.300000,1,5.6914,1
120.400000,1,5.7711,1
120.500000,1,5.6050,1
120.600000,1,6.0961,1
120.700000,1,5.9655,1
120.800000,1,6.0910,1
120.900000,1,6.1349,1
121.000000,1,5.9452,1
121.100000,1,6.2169,1
121.200000,1,5.9629,1
121.300000,1,6.1757,1
121.400000,1,6.1187,1
121.500000,1,5.9147,1
121.600000,1,5.6180,1
121.700000,1,6.1663,1
121.800000,1,5.8638,1
121.900000,1,5.8643,1
122.000000,1,6.0336,1
122.100000,1,5.9244,1
122.200000,1,5.8074,1
122.300000,1,6.0023,1
122.400000,1,6.0549,1
122.500000,1,5.6761,1
122.600000,1,5.9042,1
122.700000,1,5.7458,1
122.800000,1,5.6544,1
122.900000,1,6.0457,1
123.000000,1,5.9693,1
123.100000,1,5.8547,1
123.200000,1,6.1925,1
123.300000,1,6.1356,1
123.400000,1,5.6767,1
123.500000,1,5.8601,1
123.600000,1,5.9953,1
123.700000,1,5.8779,1
123.800000,1,5.9913,1
123.900000,1,6.0792,1
124.000000,1,5.7879,1
124.100000,1,5.8552,1
124.200000,1,5.7602,1
124.300000,1,6.1867,1
124.400000,1,5.9092,1
124.500000,1,5.8718,1
124.600000,1,5.9244,1
124.700000,1,6.0929,1
124.800000,1,5.8862,1
124.900000,1,5.7961,1
125.000000,1,5.9970,1
125.100000,1,5.6214,1
125.200000,1,5.6989,1
125.300000,1,5.8196,1
125.400000,1,5.6220,1
125.500000,1,5.8130,1
125.600000,1,5.9707,1
125.700000,1,5.8546,1
125.800000,1,5.8021,1
125.900000,1,5.9198,1
126.000000,1,5.9120,1
126.100000,1,5.9161,1
126.200000,1,5.8381,1
126.300000,1,5.8007,1
126.400000,1,5.9413,1
126.500000,1,5.8635,1
126.600000,1,5.9071,1
126.700000,1,5.6260,1
126.800000,1,5.9453,1
126.900000,1,5.6922,1
127.000000,1,6.2037,1
127.100000,1,6.0323,1
127.200000,1,5.6771,1
127.300000,1,5.8962,1
127.400000,1,5.8673,1
127.500000,1,5.6663,1
127.600000,1,5.8463,1
127.700000,1,5.9251,1
127.800000,1,5.8225,1
127.900000,1,5.8583,1
128.000000,1,5.6471,1
128.100000,1,6.1438,1
128.200000,1,5.8579,1
128.300000,1,5.7924,1
128.400000,1,5.9105,1
128.500000,1,5.9327,1
128.600000,1,5.6912,1
128.700000,1,5.8727,1
128.800000,1,5.6429,1
128.900000,1,5.5148,1
129.000000,1,5.6989,1
129.100000,1,5.7517,1
129.200000,1,5.7500,1
129.300000,1,5.5740,1
129.400000,1,5.9459,1
129.500000,1,5.9309,1
129.600000,1,6.0376,1
129.700000,1,5.9791,1
129.800000,1,5.9791,1
129.900000,1,5.7315,1
130.000000,1,6.1389,1
130.100000,1,5.8323,1
130.200000,1,5.7651,1
130.300000,1,5.9531,1
130.400000,1,6.1272,1
130.500000,1,5.8824,1
130.600000,1,5.9532,1
130.700000,1,5.8876,1
130.800000,1,5.8289,1
130.900000,1,5.8450,1
131.000000,1,5.8367,1
131.100000,1,5.7625,1
131.200000,1,5.7120,1
131.300000,1,5.5865,1
131.400000,1,5.6896,1
131.500000,1,5.7577,1
131.600000,1,5.9659,1
131.700000,1,5.8183,1
131.800000,1,5.7910,1
131.900000,1,5.8672,1
132.000000,1,6.0917,1
132.100000,1,5.8974,1
132.200000,1,5.9805,1
132.300000,1,6.1969,1
132.400000,1,6.1763,1
132.500000,1,6.1904,1
132.600000,1,5.8818,1
132.700000,1,5.9955,1
132.800000,1,5.8259,1
132.900000,1,6.0444,1
133.000000,1,5.8025,1
133.100000,1,5.9743,1
133.200000,1,5.8793,1
133.300000,1,5.9519,1
133.400000,1,5.8315,1
133.500000,1,5.5899,1
133.600000,1,5.7551,1
133.700000,1,5.8185,1
133.800000,1,5.5056,1
133.900000,1,5.5550,1
134.000000,1,5.8408,1
134.100000,1,5.7100,1
134.200000,1,5.6463,1
134.300000,1,6.1405,1
134.400000,1,5.7152,1
134.500000,1,5.8352,1
134.600000,1,5.9314,1
134.700000,1,5.9399,1
134.800000,1,5.7643,1
134.900000,1,5.9038,1
135.000000,1,5.8968,1
135.100000,1,5.9097,1
135.200000,1,6.0911,1
135.300000,1,6.1516,1
135.400000,1,5.9453,1
135.500000,1,6.3179,1
135.600000,1,5.8997,1
135.700000,1,6.0162,1
135.800000,1,6.0042,1
135.900000,1,5.9529,1
136.000000,1,6.1962,1
136.100000,1,6.0774,1
136.200000,1,6.1379,1
136.300000,1,6.1869,1
136.400000,1,5.7006,1
136.500000,1,6.1524,1
136.600000,1,5.8878,1
136.700000,1,5.9407,1
136.800000,1,6.3478,1
136.900000,1,6.4471,1
137.000000,1,6.3941,1
137.100000,1,5.9843,1
137.200000,1,6.1681,1
137.300000,1,6.4254,1
137.400000,1,6.6143,1
137.500000,1,6.5248,1
137.600000,1,6.2316,1
137.700000,1,5.8194,1
137.800000,1,6.4764,1
137.900000,1,6.4487,1
138.000000,1,6.2006,1
138.100000,1,6.0964,1
138.200000,1,6.2073,1
138.300000,1,6.4886,1
138.400000,1,6.5543,1
138.500000,1,6.3071,1
138.600000,1,6.6078,1
138.700000,1,5.7878,1
138.800000,1,5.9611,1
138.900000,1,6.1020,1
139.000000,1,6.0835,1
139.100000,1,6.3756,1
139.200000,1,5.7907,1
139.300000,1,5.8688,1
139.400000,1,6.3352,1
139.500000,1,6.4598,1
139.600000,1,6.1693,1
139.700000,1,6.5048,1
139.800000,1,6.4914,1
139.900000,1,6.6894,1
140.000000,1,6.3377,1
140.100000,1,6.3528,1
140.200000,1,6.5779,1
140.300000,1,6.1630,1
140.400000,1,6.7858,1
140.500000,1,6.2366,1
140.600000,1,6.1154,1
140.700000,1,6.1967,1
140.800000,1,6.3029,1
140.900000,1,6.4474,1
141.000000,1,6.7247,1
141.100000,1,6.2720,1
141.200000,1,6.2966,1
141.300000,1,6.5001,1
141.400000,1,6.4486,1
141.500000,1,6.4144,1
141.600000,1,6.2988,1
141.700000,1,6.3199,1
141.800000,1,5.8821,1
141.900000,1,5.7139,1
142.000000,1,5.7838,1
142.100000,1,6.1281,1
142.200000,1,6.2017,1
142.300000,1,6.6780,1
142.400000,1,5.9180,1
142.500000,1,6.3615,1
142.600000,1,6.3890,1
142.700000,1,6.4316,1
142.800000,1,6.1946,1
142.900000,1,6.0827,1
143.000000,1,6.4427,1
143.100000,1,6.1383,1
143.200000,1,6.4477,1
143.300000,1,6.9308,1
143.400000,1,6.4368,1
143.500000,1,6.4677,1
143.600000,1,6.6474,1
143.700000,1,6.5890,1
143.800000,1,6.4259,1
143.900000,1,6.4614,1
144.000000,1,6.5925,1
144.100000,1,6.4623,1
144.200000,1,6.0389,1
144.300000,1,6.3822,1
144.400000,1,6.1019,1
144.500000,1,6.4337,1
144.600000,1,6.3011,1
144.700000,1,6.5291,1
144.800000,1,6.5270,1
144.900000,1,6.4213,1
145.000000,1,6.5705,1
145.100000,1,6.1832,1
145.200000,1,6.1745,1
145.300000,1,6.0545,1
145.400000,1,6.2939,1
145.500000,1,6.0236,1
145.600000,1,5.9466,1
145.700000,1,6.3653,1
145.800000,1,6.3084,1
145.900000,1,6.1526,1
146.000000,1,6.3829,1
146.100000,1,6.9119,1
146.200000,1,6.5125,1
146.300000,1,6.1791,1
146.400000,1,6.3641,1
146.500000,1,6.5945,1
146.600000,1,6.9597,1
146.700000,1,6.5019,1
146.800000,1,6.7702,1
146.900000,1,6.6713,1
147.000000,1,6.4721,1
147.100000,1,6.2090,1
147.200000,1,6.0869,1
147.300000,1,6.6807,1
147.400000,1,6.4627,1
147.500000,1,6.4896,1
147.600000,1,6.8506,1
147.700000,1,6.5036,1
147.800000,1,6.5608,1
147.900000,1,6.5240,1
148.000000,1,6.5547,1
148.100000,1,6.6942,1
148.200000,1,6.2094,1
148.300000,1,6.4364,1
148.400000,1,6.3571,1
148.500000,1,6.7132,1
148.600000,1,6.4492,1
148.700000,1,6.4248,1
148.800000,1,6.7246,1
148.900000,1,6.9874,1
149.000000,1,6.9762,1
149.100000,1,6.4164,1
149.200000,1,6.5059,1
149.300000,1,6.0488,1
149.400000,1,6.6589,1
149.500000,1,6.4812,1
149.600000,1,6.3317,1
149.700000,1,6.6193,1
149.800000,1,6.4430,1
149.900000,1,6.7791,1
150.000000,1,6.1510,1
150.100000,1,6.0993,1
150.200000,1,6.0410,1
150.300000,1,6.3769,1
150.400000,1,7.0746,1
150.500000,1,6.7733,1
150.600000,1,6.9494,1
150.700000,1,6.5732,1
150.800000,1,6.7016,1
150.900000,1,6.4983,1
151.000000,1,6.0345,1
151.100000,1,6.4637,1
151.200000,1,6.7904,1
151.300000,1,6.2354,1
151.400000,1,6.2876,1
151.500000,1,6.5317,1
151.600000,1,6.6274,1
151.700000,1,6.2254,1
151.800000,1,6.4258,1
151.900000,1,6.5306,1
152.000000,1,6.1951,1
152.100000,1,6.2913,1
152.200000,1,6.2459,1
152.300000,1,6.0202,1
152.400000,1,6.3233,1
152.500000,1,6.0311,1
152.600000,1,6.0503,1
152.700000,1,6.1337,1
152.800000,1,6.2955,1
152.900000,1,6.2950,1
153.000000,1,6.2975,1
153.100000,1,6.1969,1
153.200000,1,6.1528,1
153.300000,1,5.8654,1
153.400000,1,6.0463,1
153.500000,1,6.0853,1
153.600000,1,5.9277,1
153.700000,1,6.3362,1
153.800000,1,6.2732,1
153.900000,1,6.3961,1
154.000000,1,6.3866,1
154.100000,1,6.2079,1
154.200000,1,6.2773,1
154.300000,1,6.2403,1
154.400000,1,6.2677,1
154.500000,1,6.1663,1
154.600000,1,6.1085,1
154.700000,1,6.3186,1
154.800000,1,6.1766,1
154.900000,1,6.0846,1
155.000000,1,6.1100,1
155.100000,1,6.2268,1
155.200000,1,6.0880,1
155.300000,1,6.1338,1
155.400000,1,6.1307,1
155.500000,1,6.3516,1
155.600000,1,6.2568,1
155.700000,1,6.4029,1
155.800000,1,6.1163,1
155.900000,1,5.8292,1
156.000000,1,6.2741,1
156.100000,1,6.0192,1
156.200000,1,6.2098,1
156.300000,1,6.2083,1
156.400000,1,6.4543,1
156.500000,1,6.4110,1
156.600000,1,6.2476,1
156.700000,1,6.3208,1
156.800000,1,6.3720,1
156.900000,1,6.3629,1
157.000000,1,6.2091,1
157.100000,1,6.2767,1
157.200000,1,6.2688,1
157.300000,1,6.3141,1
157.400000,1,6.2475,1
157.500000,1,6.1402,1
157.600000,1,6.2635,1
157.700000,1,6.1353,1
157.800000,1,6.2373,1
157.900000,1,6.4531,1
158.000000,1,6.4201,1
158.100000,1,6.3213,1
158.200000,1,6.8205,1
158.300000,1,6.2877,1
158.400000,1,5.9659,1
158.500000,1,6.1611,1
158.600000,1,6.2032,1
158.700000,1,5.9470,1
158.800000,1,6.1741,1
158.900000,1,5.8151,1
159.000000,1,6.3669,1
159.100000,1,6.5187,1
159.200000,1,6.2422,1
159.300000,1,6.6252,1
159.400000,1,6.4417,1
159.500000,1,6.1740,1
159.600000,1,6.2600,1
159.700000,1,6.5263,1
159.800000,1,5.9273,1
159.900000,1,6.2962,1
160.000000,1,6.2628,1
160.100000,1,6.5809,1
160.200000,1,6.0701,1
160.300000,1,5.9708,1
160.400000,1,6.3344,1
160.500000,1,6.5402,1
160.600000,1,5.9916,1
160.700000,1,6.4581,1
160.800000,1,6.3022,1
160.900000,1,6.4652,1
161.000000,1,6.6198,1
161.100000,1,6.5459,1
161.200000,1,6.3878,1
161.300000,1,6.3674,1
161.400000,1,6.3091,1
161.500000,1,5.9252,1
161.600000,1,6.6563,1
161.700000,1,6.2830,1
161.800000,1,6.1670,1
161.900000,1,6.0673,1
162.000000,1,6.2223,1
162.100000,1,6.3099,1
162.200000,1,6.1588,1
162.300000,1,6.2234,1
162.400000,1,6.7685,1
162.500000,1,6.6960,1
162.600000,1,6.4595,1
162.700000,1,6.7358,1
162.800000,1,6.2938,1
162.900000,1,6.4630,1
163.000000,1,6.2836,1
163.100000,1,6.3759,1
163.200000,1,6.2054,1
163.300000,1,6.1931,1
163.400000,1,6.1971,1
163.500000,1,6.5478,1
163.600000,1,6.2003,1
163.700000,1,6.6157,1
163.800000,1,6.3994,1
163.900000,1,6.1637,1
164.000000,1,6.5425,1
164.100000,1,6.7598,1
164.200000,1,6.5826,1
164.300000,1,6.4784,1
164.400000,1,6.2691,1
164.500000,1,6.0085,1
164.600000,1,5.9652,1
164.700000,1,6.0430,1
164.800000,1,6.1888,1
164.900000,1,5.6968,1
165.000000,1,5.7351,1
165.100000,1,6.1224,1
165.200000,1,6.3487,1
165.300000,1,6.0793,1
165.400000,1,6.1158,1
165.500000,1,5.9934,1
165.600000,1,5.9476,1
165.700000,1,6.0251,1
165.800000,1,6.4171,1
165.900000,1,6.0514,1
166.000000,1,6.0897,1
166.100000,1,5.8817,1
166.200000,1,6.0132,1
166.300000,1,5.6685,1
166.400000,1,5.6747,1
166.500000,1,5.9713,1
166.600000,1,6.3420,1
166.700000,1,6.2510,1
166.800000,1,6.5692,1
166.900000,1,6.3347,1
167.000000,1,6.3850,1
167.100000,1,6.0132,1
167.200000,1,5.6202,1
167.300000,1,5.5044,1
167.400000,1,6.3129,1
167.500000,1,6.1543,1
167.600000,1,6.0701,1
167.700000,1,6.0295,1
167.800000,1,5.8637,1
167.900000,1,6.4992,1
168.000000,1,5.7559,1
168.100000,1,6.4422,1
168.200000,1,6.2198,1
168.300000,1,6.2653,1
168.400000,1,5.8046,1
168.500000,1,6.2524,1
168.600000,1,5.9459,1
168.700000,1,6.2482,1
168.800000,1,6.1221,1
168.900000,1,6.0894,1
169.000000,1,6.0295,1
169.100000,1,6.0247,1
169.200000,1,6.0940,1
169.300000,1,5.9126,1
169.400000,1,6.2375,1
169.500000,1,5.9784,1
169.600000,1,6.4847,1
169.700000,1,6.2443,1
169.800000,1,6.2498,1
169.900000,1,6.1971,1
170.000000,1,5.8585,1
170.100000,1,6.0555,1
170.200000,1,5.9322,1
170.300000,1,5.9925,1
170.400000,1,5.8971,1
170.500000,1,6.5395,1
170.600000,1,6.4412,1
170.700000,1,6.3752,1
170.800000,1,6.4457,1
170.900000,1,6.1182,1
171.000000,1,6.2209,1
171.100000,1,6.2722,1
171.200000,1,6.6248,1
171.300000,1,6.3320,1
171.400000,1,6.4364,1
171.500000,1,6.2442,1
171.600000,1,6.4564,1
171.700000,1,6.4230,1
171.800000,1,6.3753,1
171.900000,1,6.3364,1
172.000000,1,6.5949,1
172.100000,1,6.4091,1
172.200000,1,6.6144,1
172.300000,1,6.4495,1
172.400000,1,6.4027,1
172.500000,1,6.1706,1
172.600000,1,6.6154,1
172.700000,1,6.8783,1
172.800000,1,6.3665,1
172.900000,1,6.3418,1
173.000000,1,6.3552,1
173.100000,1,6.8969,1
173.200000,1,6.2561,1
173.300000,1,6.3240,1
173.400000,1,5.8631,1
173.500000,1,6.3107,1
173.600000,1,6.3316,1
173.700000,1,6.3006,1
173.800000,1,5.9183,1
173.900000,1,6.4850,1
174.000000,1,6.3008,1
174.100000,1,6.3884,1
174.200000,1,6.2645,1
174.300000,1,6.2103,1
174.400000,1,6.4410,1
174.500000,1,6.3296,1
174.600000,1,6.4899,1
174.700000,1,6.4577,1
174.800000,1,6.2641,1
174.900000,1,6.3113,1
175.000000,1,6.3972,1
175.100000,1,6.3849,1
175.200000,1,6.2450,1
175.300000,1,6.5024,1
175.400000,1,6.5818,1
175.500000,1,6.3729,1
175.600000,1,5.9783,1
175.700000,1,6.3264,1
175.800000,1,6.4109,1
175.900000,1,6.4141,1
176.000000,1,5.9288,1
176.100000,1,6.3180,1
176.200000,1,6.4001,1
176.300000,1,6.0353,1
176.400000,1,6.3587,1
176.500000,1,6.4858,1
176.600000,1,6.5977,1
176.700000,1,6.3167,1
176.800000,1,6.4784,1
176.900000,1,6.3804,1
177.000000,1,6.3187,1
177.100000,1,6.1276,1
177.200000,1,6.2986,1
177.300000,1,6.3932,1
177.400000,1,6.2611,1
177.500000,1,6.1572,1
177.600000,1,6.9360,1
177.700000,1,6.7511,1
177.800000,1,6.5567,1
177.900000,1,6.3486,1
178.000000,1,6.3482,1
178.100000,1,6.2972,1
178.200000,1,6.3282,1
178.300000,1,6.4384,1
178.400000,1,6.4449,1
178.500000,1,6.4582,1
178.600000,1,6.5924,1
178.700000,1,6.5442,1
178.800000,1,6.4999,1
178.900000,1,6.7994,1
179.000000,1,6.5174,1
179.100000,1,6.5519,1
179.200000,1,6.3315,1
179.300000,1,6.7207,1
179.400000,1,6.5148,1
179.500000,1,6.2325,1
179.600000,1,6.6247,1
179.700000,1,6.4168,1
179.800000,1,6.5785,1
179.900000,1,6.8331,1
180.000000,1,6.8434,1
180.100000,1,6.4649,1
180.200000,1,6.7477,1
180.300000,1,6.5304,1
180.400000,1,6.3815,1
180.500000,1,6.7317,1
180.600000,1,6.7088,1
180.700000,1,6.6449,1
180.800000,1,6.6416,1
180.900000,1,6.4087,1
181.000000,1,6.3072,1
181.100000,1,6.2954,1
181.200000,1,6.5419,1
181.300000,1,6.6077,1
181.400000,1,6.4965,1
181.500000,1,6.5100,1
181.600000,1,6.5497,1
181.700000,1,6.5576,1
181.800000,1,6.7098,1
181.900000,1,6.3535,1
182.000000,1,6.1792,1
182.100000,1,6.2355,1
182.200000,1,6.3234,1
182.300000,1,7.1640,1
182.400000,1,6.7655,1
182.500000,1,7.1863,1
182.600000,1,7.1700,1
182.700000,1,7.0991,1
182.800000,1,7.0813,1
182.900000,1,6.9972,1
183.000000,1,7.1560,1
183.100000,1,6.8989,1
183.200000,1,7.0311,1
183.300000,1,6.2565,1
183.400000,1,6.3959,1
183.500000,1,7.0043,1
183.600000,1,7.1878,1
183.700000,1,6.9727,1
183.800000,1,6.5733,1
183.900000,1,6.8265,1
184.000000,1,7.0038,1
184.100000,1,6.9005,1
184.200000,1,6.9088,1
184.300000,1,7.2465,1
184.400000,1,6.9868,1
184.500000,1,6.9428,1
184.600000,1,6.9152,1
184.700000,1,6.6136,1
184.800000,1,6.8285,1
184.900000,1,7.0946,1
185.000000,1,7.0421,1
185.100000,1,7.1078,1
185.200000,1,6.9719,1
185.300000,1,6.7911,1
185.400000,1,6.7929,1
185.500000,1,7.4548,1
185.600000,1,7.0148,1
185.700000,1,7.1742,1
185.800000,1,7.3391,1
185.900000,1,6.9068,1
186.000000,1,7.4583,1
186.100000,1,7.2391,1
186.200000,1,7.0054,1
186.300000,1,7.1106,1
186.400000,1,6.9046,1
186.500000,1,6.7195,1
186.600000,1,6.7581,1
186.700000,1,7.1544,1
186.800000,1,7.0111,1
186.900000,1,6.8235,1
187.000000,1,7.2952,1
187.100000,1,6.8853,1
187.200000,1,7.2918,1
187.300000,1,7.5825,1
187.400000,1,6.6903,1
187.500000,1,7.0519,1
187.600000,1,6.6985,1
187.700000,1,7.0925,1
187.800000,1,7.2673,1
187.900000,1,7.3315,1
188.000000,1,7.7343,1
188.100000,1,7.2773,1
188.200000,1,7.5087,1
188.300000,1,7.8665,1
188.400000,1,7.6195,1
188.500000,1,7.9366,1
188.600000,1,8.0770,1
188.700000,1,7.5349,1
188.800000,1,7.7287,1
188.900000,1,7.9100,1
189.000000,1,7.8490,1
189.100000,1,7.7199,1
189.200000,1,7.5927,1
189.300000,1,8.1358,1
189.400000,1,7.4888,1
189.500000,1,8.1805,1
189.600000,1,8.0232,1
189.700000,1,7.9922,1
189.800000,1,7.8022,1
189.900000,1,7.9600,1
190.000000,1,7.6047,1
190.100000,1,8.0767,1
190.200000,1,7.8746,1
190.300000,1,8.1557,1
190.400000,1,8.1525,1
190.500000,1,8.1318,1
190.600000,1,8.2407,1
190.700000,1,7.6719,1
190.800000,1,8.0576,1
190.900000,1,8.1417,1
191.000000,1,8.0668,1
191.100000,1,7.9997,1
191.200000,1,7.9405,1
191.300000,1,8.1244,1
191.400000,1,8.6020,1
191.500000,1,7.3676,1
191.600000,1,7.4919,1
191.700000,1,7.4567,1
191.800000,1,6.6256,1
191.900000,1,6.9418,1
192.000000,1,7.0656,1
192.100000,1,6.8996,1
192.200000,1,6.5052,1
192.300000,1,6.7411,1
192.400000,1,6.4237,1
192.500000,1,6.3154,1
192.600000,1,6.5984,1
192.700000,1,6.5804,1
192.800000,1,6.5498,1
192.900000,1,6.4629,1
193.000000,1,6.8330,1
193.100000,1,6.4953,1
193.200000,1,6.8171,1
193.300000,1,6.4941,1
193.400000,1,6.5546,1
193.500000,1,6.3050,1
193.600000,1,5.9901,1
193.700000,1,6.3640,1
193.800000,1,5.8210,1
193.900000,1,5.9303,1
194.000000,1,5.9855,1
194.100000,1,5.8048,1
194.200000,1,5.9260,1
194.300000,1,5.7179,1
194.400000,1,5.8321,1
194.500000,1,5.9820,1
194.600000,1,5.9903,1
194.700000,1,6.1220,1
194.800000,1,5.9982,1
194.900000,1,5.9885,1
195.000000,1,6.3472,1
195.100000,1,6.1172,1
195.200000,1,6.2674,1
195.300000,1,5.9853,1
195.400000,1,5.6051,1
195.500000,1,6.0755,1
195.600000,1,5.9901,1
195.700000,1,6.1992,1
195.800000,1,6.3224,1
195.900000,1,6.4427,1
196.000000,1,6.1390,1
196.100000,1,6.1522,1
196.200000,1,6.3026,1
196.300000,1,6.0191,1
196.400000,1,6.1198,1
196.500000,1,5.9279,1
196.600000,1,6.1616,1
196.700000,1,5.8458,1
196.800000,1,6.1520,1
196.900000,1,6.0527,1
197.000000,1,6.1915,1
197.100000,1,6.0921,1
197.200000,1,6.1568,1
197.300000,1,6.0011,1
197.400000,1,5.8035,1
197.500000,1,5.9198,1
197.600000,1,5.9075,1
197.700000,1,5.8702,1
197.800000,1,5.8645,1
197.900000,1,6.1586,1
198.000000,1,5.9390,1
198.100000,1,5.9243,1
198.200000,1,6.1538,1
198.300000,1,5.9007,1
198.400000,1,6.0981,1
198.500000,1,6.1390,1
198.600000,1,5.6790,1
198.700000,1,5.9848,1
198.800000,1,6.1943,1
198.900000,1,6.3300,1
199.000000,1,6.3148,1
199.100000,1,5.9796,1
199.200000,1,6.2457,1
199.300000,1,6.1188,1
199.400000,1,6.2276,1
199.500000,1,6.5555,1
199.600000,1,6.1610,1
199.700000,1,6.3150,1
199.800000,1,6.2615,1
199.900000,1,6.0547,1
200.000000,1,6.1370,1
