label,display_name,sim_directory,cluster_id,method
o15197_ATP,EPHB6_ATP,/home/akp66103/workspace/agenticAI/campaigns/robustness/campaigns/pseudokin_37x2/run_01/o15197_ATP,3,hierarchical
o43187_ATP,IRAK2_ATP,/home/akp66103/workspace/agenticAI/campaigns/robustness/campaigns/pseudokin_37x2/run_01/o43187_ATP,3,hierarchical
o60674_ATP,JAK2_ATP,/home/akp66103/workspace/agenticAI/campaigns/robustness/campaigns/pseudokin_37x2/run_01/o60674_ATP,4,hierarchical
p00533_ATP,EGFR_ATP,/home/akp66103/workspace/agenticAI/campaigns/robustness/campaigns/pseudokin_37x2/run_01/p00533_ATP,4,hierarchical
p17612_ATP,KAPCA_ATP,/home/akp66103/workspace/agenticAI/campaigns/robustness/campaigns/pseudokin_37x2/run_01/p17612_ATP,3,hierarchical
p21860_ATP,ERBB3_ATP,/home/akp66103/workspace/agenticAI/campaigns/robustness/campaigns/pseudokin_37x2/run_01/p21860_ATP,4,hierarchical
p23458_ATP,JAK1_ATP,/home/akp66103/workspace/agenticAI/campaigns/robustness/campaigns/pseudokin_37x2/run_01/p23458_ATP,3,hierarchical
p24941_ATP,CDK2_ATP,/home/akp66103/workspace/agenticAI/campaigns/robustness/campaigns/pseudokin_37x2/run_01/p24941_ATP,4,hierarchical
p25092_ATP,GUC2C_ATP,/home/akp66103/workspace/agenticAI/campaigns/robustness/campaigns/pseudokin_37x2/run_01/p25092_ATP,3,hierarchical
p28482_ATP,MK01_ATP,/home/akp66103/workspace/agenticAI/campaigns/robustness/campaigns/pseudokin_37x2/run_01/p28482_ATP,3,hierarchical
p29597_ATP,TYK2_ATP,/home/akp66103/workspace/agenticAI/campaigns/robustness/campaigns/pseudokin_37x2/run_01/p29597_ATP,3,hierarchical
p51841_ATP,GUC2F_ATP,/home/akp66103/workspace/agenticAI/campaigns/robustness/campaigns/pseudokin_37x2/run_01/p51841_ATP,3,hierarchical
p52333_ATP,JAK3_ATP,/home/akp66103/workspace/agenticAI/campaigns/robustness/campaigns/pseudokin_37x2/run_01/p52333_ATP,3,hierarchical
q05823_ATP,RN5A_ATP,/home/akp66103/workspace/agenticAI/campaigns/robustness/campaigns/pseudokin_37x2/run_01/q05823_ATP,2,hierarchical
q13308_ATP,PTK7_ATP,/home/akp66103/workspace/agenticAI/campaigns/robustness/campaigns/pseudokin_37x2/run_01/q13308_ATP,2,hierarchical
q13418_ATP,ILK_ATP,/home/akp66103/workspace/agenticAI/campaigns/robustness/campaigns/pseudokin_37x2/run_01/q13418_ATP,3,hierarchical
q58a45_ATP,PAN3_ATP,/home/akp66103/workspace/agenticAI/campaigns/robustness/campaigns/pseudokin_37x2/run_01/q58a45_ATP,4,hierarchical
q5jzy3_ATP,EPHAA_ATP,/home/akp66103/workspace/agenticAI/campaigns/robustness/campaigns/pseudokin_37x2/run_01/q5jzy3_ATP,2,hierarchical
q6vab6_ATP,KSR2_ATP,/home/akp66103/workspace/agenticAI/campaigns/robustness/campaigns/pseudokin_37x2/run_01/q6vab6_ATP,4,hierarchical
q7rtn6_ATP,STRAA_ATP,/home/akp66103/workspace/agenticAI/campaigns/robustness/campaigns/pseudokin_37x2/run_01/q7rtn6_ATP,4,hierarchical
q7z7a4_ATP,PXK_ATP,/home/akp66103/workspace/agenticAI/campaigns/robustness/campaigns/pseudokin_37x2/run_01/q7z7a4_ATP,3,hierarchical
q8iv63_ATP,VRK3_ATP,/home/akp66103/workspace/agenticAI/campaigns/robustness/campaigns/pseudokin_37x2/run_01/q8iv63_ATP,4,hierarchical
q8ivt5_ATP,KSR1_ATP,/home/akp66103/workspace/agenticAI/campaigns/robustness/campaigns/pseudokin_37x2/run_01/q8ivt5_ATP,4,hierarchical
q8nb16_ATP,MLKL_ATP,/home/akp66103/workspace/agenticAI/campaigns/robustness/campaigns/pseudokin_37x2/run_01/q8nb16_ATP,4,hierarchical
q8ncb2_ATP,CAMKV_ATP,/home/akp66103/workspace/agenticAI/campaigns/robustness/campaigns/pseudokin_37x2/run_01/q8ncb2_ATP,4,hierarchical
q8ne28_ATP,STKL1_ATP,/home/akp66103/workspace/agenticAI/campaigns/robustness/campaigns/pseudokin_37x2/run_01/q8ne28_ATP,4,hierarchical
q8tea7_ATP,TBCK_ATP,/home/akp66103/workspace/agenticAI/campaigns/robustness/campaigns/pseudokin_37x2/run_01/q8tea7_ATP,1,hierarchical
q8wz42_ATP,TITIN_ATP,/home/akp66103/workspace/agenticAI/campaigns/robustness/campaigns/pseudokin_37x2/run_01/q8wz42_ATP,4,hierarchical
q92519_ATP,TRIB2_ATP,/home/akp66103/workspace/agenticAI/campaigns/robustness/campaigns/pseudokin_37x2/run_01/q92519_ATP,4,hierarchical
q96c45_ATP,ULK4_ATP,/home/akp66103/workspace/agenticAI/campaigns/robustness/campaigns/pseudokin_37x2/run_01/q96c45_ATP,4,hierarchical
q96qs6_ATP,PSKH2_ATP,/home/akp66103/workspace/agenticAI/campaigns/robustness/campaigns/pseudokin_37x2/run_01/q96qs6_ATP,3,hierarchical
q9bxu1_ATP,STK31_ATP,/home/akp66103/workspace/agenticAI/campaigns/robustness/campaigns/pseudokin_37x2/run_01/q9bxu1_ATP,2,hierarchical
q9c0k7_ATP,STRAB_ATP,/home/akp66103/workspace/agenticAI/campaigns/robustness/campaigns/pseudokin_37x2/run_01/q9c0k7_ATP,4,hierarchical
q9nsy0_ATP,NRBP2_ATP,/home/akp66103/workspace/agenticAI/campaigns/robustness/campaigns/pseudokin_37x2/run_01/q9nsy0_ATP,1,hierarchical
q9uhy1_ATP,NRBP_ATP,/home/akp66103/workspace/agenticAI/campaigns/robustness/campaigns/pseudokin_37x2/run_01/q9uhy1_ATP,2,hierarchical
q9y243_ATP,AKT3_ATP,/home/akp66103/workspace/agenticAI/campaigns/robustness/campaigns/pseudokin_37x2/run_01/q9y243_ATP,4,hierarchical
q9y616_ATP,IRAK3_ATP,/home/akp66103/workspace/agenticAI/campaigns/robustness/campaigns/pseudokin_37x2/run_01/q9y616_ATP,4,hierarchical
