label,sim_directory,reference_pocket_ligand_distance_mean_A,reference_pocket_ligand_distance_std_A,reference_pocket_ligand_axis_angle_mean_deg,reference_pocket_std_ligand_axis_angle_deg,chi1_pocket_circ_mean_deg,chi1_pocket_circ_std_deg,consensus_rmsf_mean_A,consensus_rmsf_std_A,dccm_N_C_mean_corr,pca_pka_ref_shared_dyn,n_features_present
o15197_ATP,/home/akp66103/workspace/agenticAI/campaigns/robustness/campaigns/pseudokin_37x2/run_01/o15197_ATP,7.843066949637683,0.3831242478453386,50.780251710096564,11.649515757952308,-99.8108917118816,78.48186880081563,21.916946882670544,4.536494452761236,0.061643115863403215,5.37862262432777,10
o43187_ATP,/home/akp66103/workspace/agenticAI/campaigns/robustness/campaigns/pseudokin_37x2/run_01/o43187_ATP,8.914542343934192,0.9477454375358108,64.10685200858205,9.535791401140669,-90.07964339751274,82.97021975301132,23.68085810872531,4.73146697275015,0.14755672892090477,4.123907630797936,10
o60674_ATP,/home/akp66103/workspace/agenticAI/campaigns/robustness/campaigns/pseudokin_37x2/run_01/o60674_ATP,6.6716859493751945,0.5362019718964227,62.35132937470362,2.6398449828801733,-81.65921163801292,82.70356742669702,26.113126309930067,5.504770032674959,0.08780053695287794,4.876985661466098,10
p00533_ATP,/home/akp66103/workspace/agenticAI/campaigns/robustness/campaigns/pseudokin_37x2/run_01/p00533_ATP,7.404900249946158,0.2526298988858214,56.41373440993013,2.128441967609469,-90.0205581393334,69.29593292146097,25.370548257448284,4.526056742931006,0.11129939400409013,4.854982466334877,10
p17612_ATP,/home/akp66103/workspace/agenticAI/campaigns/robustness/campaigns/pseudokin_37x2/run_01/p17612_ATP,7.958038538514128,0.7483439433261005,46.06280285168502,14.724358621396028,-97.06763548326721,81.87900297580552,24.704734039000567,4.576055779633715,0.15891805843154144,3.7154921686278937,10
p21860_ATP,/home/akp66103/workspace/agenticAI/campaigns/robustness/campaigns/pseudokin_37x2/run_01/p21860_ATP,7.1410063448261845,0.23724455472336084,56.55692454581696,4.1217900033565265,-94.94074661454786,71.254625335172,27.6314828392354,4.83867992169918,0.09935098015227457,5.580246769179867,10
p23458_ATP,/home/akp66103/workspace/agenticAI/campaigns/robustness/campaigns/pseudokin_37x2/run_01/p23458_ATP,8.852933860097373,0.5408748597467905,56.714218923224976,24.308406502469406,-92.72549168126693,83.85318940971071,27.52400874961053,4.958948076022131,0.14062180677318603,5.577284668985805,10
p24941_ATP,/home/akp66103/workspace/agenticAI/campaigns/robustness/campaigns/pseudokin_37x2/run_01/p24941_ATP,8.524627493739528,0.5115538811257212,55.69114656197615,2.6746907402826587,-92.11417501581411,72.87616249053315,29.396782864633703,6.30524007461635,0.06833175452366319,4.802381248454084,10
p25092_ATP,/home/akp66103/workspace/agenticAI/campaigns/robustness/campaigns/pseudokin_37x2/run_01/p25092_ATP,7.688123475176706,0.3158459400961415,64.03511448879446,4.92715338132527,-87.42902010761244,84.08090942805018,19.351830969207803,4.375280575784682,0.11805066742085304,5.439441673334,10
p28482_ATP,/home/akp66103/workspace/agenticAI/campaigns/robustness/campaigns/pseudokin_37x2/run_01/p28482_ATP,7.712039672135086,0.4401492502480441,50.37489542620966,10.930597555486582,-84.16552864506659,74.4021823415168,23.78429077853346,4.680388369925755,0.21699715750512932,4.55841684078441,10
p29597_ATP,/home/akp66103/workspace/agenticAI/campaigns/robustness/campaigns/pseudokin_37x2/run_01/p29597_ATP,7.311637113872258,0.7535414787699657,63.911077665491675,7.929407396123622,-107.29195977992897,86.72669736367402,25.022879279878154,5.459771163884321,0.07384114837625429,5.083668572171379,10
p51841_ATP,/home/akp66103/workspace/agenticAI/campaigns/robustness/campaigns/pseudokin_37x2/run_01/p51841_ATP,6.794613439244888,0.30235424804549615,63.0075128656478,6.237050674222613,-94.96103580204132,82.67413433357436,27.34575252169404,5.388202795168673,0.12628265101107564,6.0221408000576835,10
p52333_ATP,/home/akp66103/workspace/agenticAI/campaigns/robustness/campaigns/pseudokin_37x2/run_01/p52333_ATP,6.650490314068525,0.707590061955047,71.33587900274293,3.9898544278491532,-98.29657385838476,91.78654457646275,20.94952423704408,4.652273236195571,0.09677204850401591,5.7394648717983685,10
q05823_ATP,/home/akp66103/workspace/agenticAI/campaigns/robustness/campaigns/pseudokin_37x2/run_01/q05823_ATP,10.370612728718758,1.4354674852544624,78.26559170250079,13.60596836688188,-95.3212170648291,92.38054085938262,25.31645848344637,5.343614835714638,0.0879507318361542,4.276497372692162,10
q13308_ATP,/home/akp66103/workspace/agenticAI/campaigns/robustness/campaigns/pseudokin_37x2/run_01/q13308_ATP,11.768604437686015,0.8779814328605371,69.87274594074324,10.012293897181813,-120.29452068748779,82.99008351248605,22.846927378778496,4.1339151701360874,0.21116069968597984,4.645488794160471,10
q13418_ATP,/home/akp66103/workspace/agenticAI/campaigns/robustness/campaigns/pseudokin_37x2/run_01/q13418_ATP,7.541561653046888,0.4636608398168195,64.50208255678217,10.290030106632381,-99.14387753889649,80.47010164156848,24.281153819810996,4.7740685010845,0.165397900048523,5.948758589169575,10
q58a45_ATP,/home/akp66103/workspace/agenticAI/campaigns/robustness/campaigns/pseudokin_37x2/run_01/q58a45_ATP,9.408082264523648,0.3535488770163725,72.09591466107844,4.2940657133979085,-95.00396720704187,74.76643723873008,22.312741759225446,3.414739789789586,0.1359625589842761,4.308474918797059,10
q5jzy3_ATP,/home/akp66103/workspace/agenticAI/campaigns/robustness/campaigns/pseudokin_37x2/run_01/q5jzy3_ATP,9.830553285928808,0.990558997680077,77.10474975475131,8.718517072954215,-97.41794468794006,74.49601679797578,25.99186030651324,4.611957777293052,0.14565406759735153,5.120538275451594,10
q6vab6_ATP,/home/akp66103/workspace/agenticAI/campaigns/robustness/campaigns/pseudokin_37x2/run_01/q6vab6_ATP,10.584036265740806,0.6996072295507996,68.14644083246405,13.879557535676332,-83.58336123126867,77.34968064221756,24.37289896388686,4.142501255880555,0.0679928992291246,4.366607054809024,10
q7rtn6_ATP,/home/akp66103/workspace/agenticAI/campaigns/robustness/campaigns/pseudokin_37x2/run_01/q7rtn6_ATP,6.381375632617786,0.35703648466577864,57.60465700706545,3.193146791006301,-86.95725510583854,83.09067475530445,30.249958118977787,4.172577385673607,0.0883655867796244,5.459799267719369,10
q7z7a4_ATP,/home/akp66103/workspace/agenticAI/campaigns/robustness/campaigns/pseudokin_37x2/run_01/q7z7a4_ATP,6.943482240712196,0.26469832172820185,55.0662817965497,10.563541434998957,-90.02401287534167,77.9285423521276,23.542920713768634,5.233019518368938,0.646076098050715,5.283776108263811,10
q8iv63_ATP,/home/akp66103/workspace/agenticAI/campaigns/robustness/campaigns/pseudokin_37x2/run_01/q8iv63_ATP,8.40814064933575,0.4903273675100752,45.3756456400386,5.158650225593295,-82.81186359853422,80.13522747632092,26.359068838399782,4.956827428887502,0.10021628308166741,4.823389762633325,10
q8ivt5_ATP,/home/akp66103/workspace/agenticAI/campaigns/robustness/campaigns/pseudokin_37x2/run_01/q8ivt5_ATP,7.648173079549084,0.6660656329679004,63.444848686721244,10.634096551296095,-90.691941771734,76.06692200308896,24.493827889235845,4.373478948623344,0.10923552508663159,4.637085853500756,10
q8nb16_ATP,/home/akp66103/workspace/agenticAI/campaigns/robustness/campaigns/pseudokin_37x2/run_01/q8nb16_ATP,8.294282247115746,0.7804256490143939,61.2019046319235,2.2408874228752365,-86.62430499859774,73.60422050771359,23.956143264099154,4.523666114713311,0.09078866260058054,5.1658920743283705,10
q8ncb2_ATP,/home/akp66103/workspace/agenticAI/campaigns/robustness/campaigns/pseudokin_37x2/run_01/q8ncb2_ATP,7.3851903207869825,0.3234037994699406,42.221342234265634,3.0565270647115512,-90.44567163451852,78.82216841136446,27.316250401710498,4.3572017297917265,0.07345191070280893,4.9272943317977775,10
q8ne28_ATP,/home/akp66103/workspace/agenticAI/campaigns/robustness/campaigns/pseudokin_37x2/run_01/q8ne28_ATP,7.964922826560386,0.3302237104365432,53.823826330472215,8.050590580318032,-78.81429650345993,74.63066596755013,26.956735654839036,4.799569323152875,0.09947106490577426,4.21601216333876,10
q8tea7_ATP,/home/akp66103/workspace/agenticAI/campaigns/robustness/campaigns/pseudokin_37x2/run_01/q8tea7_ATP,21.03282384290629,4.200529176827959,47.00942207837106,24.496147172160534,-81.47384175077694,74.55234614970982,22.575798998020247,4.118472406619287,0.0729292430324104,3.9732447080987923,10
q8wz42_ATP,/home/akp66103/workspace/agenticAI/campaigns/robustness/campaigns/pseudokin_37x2/run_01/q8wz42_ATP,10.25473376051362,0.8053151882026002,75.2164271222731,4.11364138363004,-84.90725937166812,81.38428464645953,23.958088275641426,4.186226333570479,0.09441638879353137,5.218934286482623,10
q92519_ATP,/home/akp66103/workspace/agenticAI/campaigns/robustness/campaigns/pseudokin_37x2/run_01/q92519_ATP,9.389882473942887,0.6576651362568028,69.9963414376977,8.878033550792777,-78.52719897191463,82.2100955693332,23.94721569070332,4.3241686072384145,0.07809457813541262,5.260996253679179,10
q96c45_ATP,/home/akp66103/workspace/agenticAI/campaigns/robustness/campaigns/pseudokin_37x2/run_01/q96c45_ATP,9.601508341077961,0.5192138387163704,58.14419241373957,6.834378420279411,-92.98463106475086,84.87585362963702,27.04971232232237,4.452561599571798,0.05851593443069743,6.076162791096596,10
q96qs6_ATP,/home/akp66103/workspace/agenticAI/campaigns/robustness/campaigns/pseudokin_37x2/run_01/q96qs6_ATP,7.86443643569821,0.41938706519995095,66.5216254828018,5.265064162650327,-95.26598354413599,82.51731343646327,28.796138689228243,5.170421113107202,0.11491413233842389,6.242613942713381,10
q9bxu1_ATP,/home/akp66103/workspace/agenticAI/campaigns/robustness/campaigns/pseudokin_37x2/run_01/q9bxu1_ATP,9.787262642987516,0.939245727418567,72.9126139958504,5.17659309753681,-109.96240186364756,91.97443268554593,30.934121416827438,5.51129030472767,0.1568534344702532,3.821992965078891,10
q9c0k7_ATP,/home/akp66103/workspace/agenticAI/campaigns/robustness/campaigns/pseudokin_37x2/run_01/q9c0k7_ATP,6.480088715593379,0.36287190861300944,62.63883683784405,8.480238457339638,-71.56849460334091,78.06235167366523,27.132314292822898,3.229715762372268,0.13880454988181426,5.112103887998969,10
q9nsy0_ATP,/home/akp66103/workspace/agenticAI/campaigns/robustness/campaigns/pseudokin_37x2/run_01/q9nsy0_ATP,23.15546454669775,6.648180736653162,48.65613700813768,25.0926134750632,-89.38244304109699,91.3980639791042,24.03002814681303,3.4792357690487794,0.1999142607828467,5.574230682413728,10
q9uhy1_ATP,/home/akp66103/workspace/agenticAI/campaigns/robustness/campaigns/pseudokin_37x2/run_01/q9uhy1_ATP,12.352672716276032,1.672130453467316,72.48039172360637,8.894192182336223,-91.38201977858854,81.16219800767534,25.572411433039782,4.338540313491311,0.12087975764674419,4.698147743873939,10
q9y243_ATP,/home/akp66103/workspace/agenticAI/campaigns/robustness/campaigns/pseudokin_37x2/run_01/q9y243_ATP,6.514633210660126,0.41121896256794377,60.4573135347688,3.2368530833943865,-97.60434070231037,79.79813411213718,24.45667699867342,4.351358741461482,0.10337121175331679,5.365754976746045,10
q9y616_ATP,/home/akp66103/workspace/agenticAI/campaigns/robustness/campaigns/pseudokin_37x2/run_01/q9y616_ATP,7.5345634747611605,0.2224357960265481,67.43092842116097,3.0246609907233286,-80.73346305398056,75.18976810961493,25.018928573002647,4.178558580624495,0.1104413257291683,4.488801706982082,10
