consensus_index,msa_col,reference_label,reference_seq_index,reference_resid,reference_aa,coverage_fraction,conservation,p17612_ATP_seq_index,p17612_ATP_resid,p17612_ATP_aa,o15197_ATP_seq_index,o15197_ATP_resid,o15197_ATP_aa,o43187_ATP_seq_index,o43187_ATP_resid,o43187_ATP_aa,o60674_ATP_seq_index,o60674_ATP_resid,o60674_ATP_aa,p00533_ATP_seq_index,p00533_ATP_resid,p00533_ATP_aa,p21860_ATP_seq_index,p21860_ATP_resid,p21860_ATP_aa,p23458_ATP_seq_index,p23458_ATP_resid,p23458_ATP_aa,p24941_ATP_seq_index,p24941_ATP_resid,p24941_ATP_aa,p25092_ATP_seq_index,p25092_ATP_resid,p25092_ATP_aa,p28482_ATP_seq_index,p28482_ATP_resid,p28482_ATP_aa,p29597_ATP_seq_index,p29597_ATP_resid,p29597_ATP_aa,p51841_ATP_seq_index,p51841_ATP_resid,p51841_ATP_aa,p52333_ATP_seq_index,p52333_ATP_resid,p52333_ATP_aa,q05823_ATP_seq_index,q05823_ATP_resid,q05823_ATP_aa,q13308_ATP_seq_index,q13308_ATP_resid,q13308_ATP_aa,q13418_ATP_seq_index,q13418_ATP_resid,q13418_ATP_aa,q58a45_ATP_seq_index,q58a45_ATP_resid,q58a45_ATP_aa,q5jzy3_ATP_seq_index,q5jzy3_ATP_resid,q5jzy3_ATP_aa,q6vab6_ATP_seq_index,q6vab6_ATP_resid,q6vab6_ATP_aa,q7rtn6_ATP_seq_index,q7rtn6_ATP_resid,q7rtn6_ATP_aa,q7z7a4_ATP_seq_index,q7z7a4_ATP_resid,q7z7a4_ATP_aa,q8iv63_ATP_seq_index,q8iv63_ATP_resid,q8iv63_ATP_aa,q8ivt5_ATP_seq_index,q8ivt5_ATP_resid,q8ivt5_ATP_aa,q8nb16_ATP_seq_index,q8nb16_ATP_resid,q8nb16_ATP_aa,q8ncb2_ATP_seq_index,q8ncb2_ATP_resid,q8ncb2_ATP_aa,q8ne28_ATP_seq_index,q8ne28_ATP_resid,q8ne28_ATP_aa,q8tea7_ATP_seq_index,q8tea7_ATP_resid,q8tea7_ATP_aa,q8wz42_ATP_seq_index,q8wz42_ATP_resid,q8wz42_ATP_aa,q92519_ATP_seq_index,q92519_ATP_resid,q92519_ATP_aa,q96c45_ATP_seq_index,q96c45_ATP_resid,q96c45_ATP_aa,q96qs6_ATP_seq_index,q96qs6_ATP_resid,q96qs6_ATP_aa,q9bxu1_ATP_seq_index,q9bxu1_ATP_resid,q9bxu1_ATP_aa,q9c0k7_ATP_seq_index,q9c0k7_ATP_resid,q9c0k7_ATP_aa,q9nsy0_ATP_seq_index,q9nsy0_ATP_resid,q9nsy0_ATP_aa,q9uhy1_ATP_seq_index,q9uhy1_ATP_resid,q9uhy1_ATP_aa,q9y243_ATP_seq_index,q9y243_ATP_resid,q9y243_ATP_aa,q9y616_ATP_seq_index,q9y616_ATP_resid,q9y616_ATP_aa
0,2,p17612_ATP,2,3,R,0.9459,0.5429,2,3,R,2,3,I,2,3,Q,2,3,F,2,3,K,2,3,K,2,3,Q,2,3,K,2,3,I,2,3,N,2,3,Q,2,3,I,2,3,W,2,3,E,2,3,P,2,3,F,,,,2,3,L,2,3,I,2,3,L,2,3,A,2,3,L,2,3,L,2,3,I,2,3,L,2,3,V,2,3,P,2,3,I,2,3,K,2,3,L,2,3,I,2,3,L,2,3,L,2,3,R,,,,2,3,Y,2,3,K
1,3,p17612_ATP,3,4,I,0.9730,0.5000,3,4,I,3,4,E,3,4,N,3,4,N,3,4,I,3,4,L,3,4,G,3,4,V,3,4,D,3,4,L,3,4,L,3,4,T,3,4,H,3,4,K,3,4,I,3,4,L,,,,3,4,E,3,4,G,3,4,L,3,4,E,3,4,K,3,4,G,3,4,K,3,4,G,3,4,L,3,4,L,3,4,A,3,4,Y,3,4,Y,3,4,K,3,4,L,3,4,Q,3,4,R,0,1,R,3,4,L,3,4,D
2,6,p17612_ATP,6,7,L,1.0000,0.8919,6,7,L,6,7,I,6,7,I,6,7,L,6,7,L,6,7,L,6,7,L,6,7,I,6,7,K,6,7,I,6,7,L,6,7,V,6,7,L,6,7,I,6,7,L,6,7,L,1,2,I,6,7,L,6,7,I,6,7,I,6,7,K,6,7,Q,6,7,I,6,7,Q,6,7,I,6,7,L,6,7,A,6,7,L,6,7,L,6,7,I,6,7,I,6,7,M,6,7,I,6,7,V,3,4,V,6,7,L,6,7,I
3,7,p17612_ATP,7,8,G,1.0000,0.6486,7,8,G,7,8,G,7,8,S,7,8,G,7,8,G,7,8,G,7,8,G,7,8,G,7,8,R,7,8,G,7,8,G,7,8,Q,7,8,G,7,8,A,7,8,G,7,8,N,2,3,D,7,8,G,7,8,G,7,8,G,7,8,G,7,8,T,7,8,G,7,8,L,7,8,K,7,8,N,7,8,E,7,8,G,7,8,E,7,8,G,7,8,G,7,8,N,7,8,G,7,8,N,4,5,N,7,8,G,7,8,G
4,9,p17612_ATP,9,10,G,1.0000,0.7838,9,10,G,9,10,G,9,10,G,9,10,G,9,10,G,9,10,G,9,10,G,9,10,G,9,10,D,9,10,G,9,10,G,9,10,G,9,10,G,9,10,T,9,10,S,9,10,N,4,5,A,9,10,G,9,10,G,9,10,G,9,10,Q,9,10,D,9,10,G,9,10,G,9,10,E,9,10,G,9,10,G,9,10,G,9,10,L,9,10,G,9,10,G,9,10,G,9,10,G,9,10,G,6,7,R,9,10,G,9,10,G
5,49,p17612_ATP,12,13,G,1.0000,0.5405,12,13,G,12,13,G,12,13,A,12,13,T,12,13,G,12,13,G,12,13,T,12,13,G,12,13,Q,12,13,G,12,13,T,19,20,G,12,13,T,12,13,G,12,13,G,12,13,G,41,42,T,12,13,G,12,13,G,14,15,M,49,50,S,12,13,G,12,13,G,21,22,S,12,13,C,12,13,G,12,13,T,12,13,G,12,13,D,12,13,T,12,13,S,18,19,R,14,15,T,15,16,Q,12,13,D,12,13,G,12,13,F
6,51,p17612_ATP,14,15,V,1.0000,0.8919,14,15,V,14,15,V,14,15,V,14,15,I,14,15,V,14,15,V,14,15,I,14,15,V,14,15,L,14,15,V,14,15,V,21,22,L,14,15,I,14,15,I,14,15,V,14,15,L,43,44,C,14,15,L,14,15,V,16,17,V,51,52,F,14,15,L,14,15,V,23,24,L,14,15,I,14,15,N,14,15,F,14,15,V,14,15,V,14,15,V,14,15,V,20,21,L,16,17,V,17,18,T,14,15,A,14,15,V,14,15,V
7,52,p17612_ATP,15,16,M,1.0000,0.5676,15,16,M,15,16,R,15,16,Y,15,16,F,15,16,Y,15,16,H,15,16,Y,15,16,Y,15,16,R,15,16,C,15,16,Y,22,23,T,15,16,Y,15,16,Y,15,16,F,15,16,W,44,45,Y,15,16,C,15,16,Y,17,18,N,52,53,F,15,16,Y,15,16,H,24,25,Y,15,16,F,15,16,L,15,16,A,15,16,H,15,16,F,15,16,Y,15,16,V,21,22,L,17,18,H,18,19,F,15,16,Y,15,16,I,15,16,Y
8,54,p17612_ATP,17,18,V,1.0000,0.9730,17,18,V,17,18,G,17,18,G,17,18,G,17,18,G,17,18,G,17,18,G,17,18,A,17,18,C,17,18,A,17,18,G,24,25,A,17,18,G,17,18,G,17,18,A,17,18,G,46,47,A,17,18,G,17,18,G,19,20,A,54,55,S,17,18,A,17,18,G,26,27,G,17,18,A,17,18,V,17,18,A,17,18,C,17,18,A,17,18,G,17,18,V,23,24,A,19,20,A,20,21,A,17,18,A,17,18,V,17,18,V
9,80,p17612_ATP,,,-,0.2973,0.6364,,,,23,24,G,,,,26,27,G,23,24,G,23,24,G,29,30,S,,,,,,,,,,43,44,D,,,,25,26,G,,,,25,26,G,,,,,,,23,24,G,,,,,,,69,70,W,,,,,,,,,,,,,,,,,,,,,,,,,,,,,,,38,39,S,,,,,,,,,,,,,,,
10,82,p17612_ATP,,,-,0.2973,0.5455,,,,25,26,R,,,,28,29,L,25,26,K,25,26,S,31,32,E,,,,,,,,,,45,46,G,,,,27,28,A,,,,27,28,A,,,,,,,25,26,Q,,,,,,,71,72,I,,,,,,,,,,,,,,,,,,,,,,,,,,,,,,,40,41,V,,,,,,,,,,,,,,,
11,87,p17612_ATP,26,27,Y,1.0000,0.7027,26,27,Y,29,30,V,24,25,F,33,34,V,30,31,V,30,31,V,36,37,V,26,27,V,24,25,V,26,27,V,50,51,V,39,40,V,32,33,V,24,25,V,31,32,V,24,25,I,55,56,Y,29,30,V,23,24,V,28,29,V,76,77,F,34,35,F,23,24,V,33,34,V,26,27,H,26,27,H,30,31,L,26,27,Y,26,27,L,26,27,V,26,27,F,45,46,I,28,29,V,29,30,V,26,27,V,26,27,Y,24,25,Y
12,88,p17612_ATP,27,28,A,1.0000,0.8378,27,28,A,30,31,A,25,26,V,34,35,L,31,32,A,31,32,C,37,38,I,27,28,A,25,26,I,27,28,A,51,52,V,40,41,W,33,34,L,25,26,A,32,33,L,25,26,V,56,57,C,30,31,A,24,25,A,29,30,T,77,78,L,35,36,S,24,25,A,34,35,A,27,28,T,27,28,V,31,32,T,27,28,M,27,28,V,27,28,A,27,28,A,46,47,L,29,30,T,30,31,V,27,28,V,27,28,A,25,26,A
13,89,p17612_ATP,28,29,M,1.0000,0.9189,28,29,M,31,32,I,26,27,F,35,36,L,32,33,I,32,33,I,38,39,L,28,29,L,26,27,L,28,29,I,52,53,L,41,42,L,34,35,L,26,27,V,33,34,V,26,27,V,57,58,L,31,32,V,25,26,I,30,31,V,78,79,M,36,37,L,25,26,I,35,36,I,28,29,C,28,29,I,32,33,P,28,29,A,28,29,C,28,29,I,28,29,I,47,48,L,30,31,I,31,32,W,28,29,W,28,29,M,26,27,V
14,90,p17612_ATP,29,30,K,0.9730,0.8889,29,30,K,32,33,Q,27,28,K,36,37,K,33,34,K,33,34,K,39,40,K,29,30,K,27,28,K,29,30,K,53,54,K,42,43,K,35,36,K,27,28,K,34,35,K,27,28,K,58,59,R,32,33,H,26,27,R,31,32,R,79,80,K,37,38,K,26,27,R,36,37,K,29,30,K,29,30,K,33,34,N,29,30,K,29,30,K,,,,29,30,K,48,49,K,31,32,K,32,33,N,29,30,N,29,30,K,27,28,K
15,91,p17612_ATP,30,31,I,0.9730,0.5556,30,31,I,33,34,A,28,29,K,37,38,V,34,35,E,34,35,V,40,41,V,30,31,K,28,29,D,30,31,K,54,55,V,43,44,K,36,37,V,28,29,T,35,36,S,28,29,V,59,60,R,33,34,M,27,28,L,32,33,R,80,81,I,38,39,L,27,28,L,37,38,V,30,31,K,30,31,Q,34,35,S,30,31,F,30,31,V,,,,30,31,V,49,50,G,32,33,I,33,34,E,30,31,E,30,31,I,28,29,L
16,92,p17612_ATP,31,32,L,0.9730,0.7222,31,32,L,34,35,L,29,30,L,38,39,L,35,36,L,35,36,I,41,42,L,31,32,I,29,30,L,31,32,I,55,56,L,44,45,F,37,38,M,29,30,F,36,37,L,29,30,L,60,61,I,34,35,L,28,29,I,33,34,I,81,82,K,39,40,D,28,29,L,38,39,F,31,32,F,31,32,V,35,36,I,31,32,V,31,32,F,,,,31,32,M,50,51,Y,33,34,T,34,35,L,31,32,V,31,32,L,29,30,F
17,120,p17612_ATP,48,49,E,1.0000,0.5405,48,49,E,49,50,R,47,48,E,52,53,A,50,51,E,50,51,H,55,56,A,47,48,E,43,44,E,46,47,E,69,70,T,62,63,V,51,52,A,39,40,E,50,51,E,45,46,E,73,74,L,49,50,E,44,45,E,49,50,E,109,110,L,58,59,P,44,45,E,56,57,E,46,47,E,45,46,E,40,41,R,44,45,E,39,40,S,42,43,W,45,46,E,67,68,Y,49,50,A,52,53,V,49,50,V,48,49,E,47,48,E
18,121,p17612_ATP,49,50,K,1.0000,0.8108,49,50,K,50,51,A,48,49,L,53,54,A,51,52,A,51,52,M,56,57,A,48,49,I,44,45,L,47,48,I,70,71,A,63,64,F,52,53,A,40,41,V,51,52,L,46,47,C,74,75,V,50,51,A,45,46,V,50,51,L,110,111,I,59,60,L,45,46,V,57,58,I,47,48,I,46,47,L,41,42,F,45,46,I,40,41,L,43,44,V,46,47,L,68,69,H,50,51,V,53,54,F,50,51,F,49,50,S,48,49,L
19,123,p17612_ATP,51,52,I,1.0000,0.8108,51,52,I,52,53,V,50,51,I,55,56,M,53,54,V,53,54,A,58,59,M,50,51,L,46,47,K,49,50,I,72,73,L,65,66,M,54,55,L,42,43,C,53,54,M,48,49,R,76,77,M,52,53,T,47,48,A,52,53,V,112,113,L,61,62,V,47,48,N,59,60,T,49,50,I,48,49,P,43,44,I,47,48,I,42,43,P,45,46,L,48,49,V,70,71,A,52,53,L,55,56,Q,52,53,N,51,52,V,50,51,V
20,124,p17612_ATP,52,53,L,1.0000,0.7568,52,53,L,53,54,L,51,52,C,56,57,M,54,55,M,54,55,I,59,60,M,51,52,L,47,48,L,50,51,L,73,74,M,66,67,M,55,56,M,43,44,L,54,55,F,49,50,L,77,78,W,53,54,L,48,49,Y,53,54,S,113,114,L,62,63,N,48,49,Y,60,61,M,50,51,L,49,50,L,44,45,L,48,49,L,43,44,C,46,47,T,49,50,L,71,72,W,53,54,S,56,57,L,53,54,L,52,53,L,51,52,L
21,127,p17612_ATP,55,56,V,1.0000,0.6486,55,56,V,56,57,F,54,55,C,59,60,L,57,58,V,57,58,L,62,63,V,54,55,L,50,51,I,53,54,F,76,77,V,69,70,L,58,59,V,46,47,S,57,58,L,52,53,F,80,81,I,56,57,F,51,52,T,56,57,F,116,117,C,65,66,K,51,52,T,63,64,F,53,54,V,52,53,L,47,48,I,51,52,A,46,47,L,49,50,I,52,53,V,74,75,A,56,57,F,59,60,V,56,57,L,55,56,T,54,55,F
22,130,p17612_ATP,57,58,F,1.0000,0.7838,57,58,F,58,59,H,56,57,H,61,62,H,59,60,N,59,60,H,64,65,H,56,57,H,52,53,Y,55,56,H,78,79,H,71,72,H,60,61,Y,49,50,N,59,60,H,54,55,H,82,83,H,58,59,H,53,54,H,58,59,H,118,119,H,68,69,Y,53,54,H,65,66,S,55,56,H,54,55,H,49,50,H,53,54,H,49,50,H,51,52,H,54,55,H,77,78,D,58,59,H,61,62,H,58,59,H,57,58,H,56,57,H
23,131,p17612_ATP,58,59,P,1.0000,0.5135,58,59,P,59,60,P,57,58,P,62,63,K,60,61,P,60,61,A,65,66,K,57,58,P,53,54,Y,56,57,E,79,80,T,72,73,E,61,62,R,50,51,S,60,61,A,55,56,P,83,84,S,59,60,S,54,55,E,59,60,P,119,120,P,69,70,S,54,55,E,66,67,P,56,57,P,55,56,A,50,51,P,54,55,R,50,51,S,52,53,K,55,56,R,78,79,S,59,60,P,62,63,P,59,60,L,58,59,P,57,58,P
24,132,p17612_ATP,59,60,F,1.0000,0.5946,59,60,F,60,61,N,58,59,N,63,64,H,61,62,H,61,62,H,66,67,H,58,59,N,54,55,N,57,58,N,80,81,H,73,74,N,62,63,H,51,52,H,61,62,N,56,57,N,84,85,N,60,61,H,55,56,N,60,61,N,120,121,Y,70,71,T,55,56,N,67,68,N,57,58,N,56,57,H,51,52,R,55,56,N,51,52,N,53,54,N,56,57,Y,79,80,G,60,61,N,63,64,N,60,61,N,59,60,F,58,59,N
25,133,p17612_ATP,60,61,L,1.0000,1.0000,60,61,L,61,62,I,59,60,V,64,65,L,62,63,V,62,63,I,67,68,I,59,60,I,55,56,L,58,59,I,81,82,L,74,75,I,63,64,L,52,53,L,62,63,V,57,58,V,85,86,I,61,62,I,56,57,V,61,62,I,121,122,I,71,72,P,56,57,V,68,69,I,58,59,I,57,58,I,52,53,L,56,57,I,52,53,I,54,55,I,57,58,I,80,81,L,61,62,I,64,65,I,61,62,I,60,61,L,59,60,I
26,134,p17612_ATP,61,62,V,1.0000,0.8108,61,62,V,62,63,L,60,61,L,65,66,V,63,64,C,63,64,V,68,69,V,60,61,V,56,57,T,59,60,I,82,83,A,75,76,N,64,65,V,53,54,V,63,64,V,58,59,L,86,87,V,62,63,V,57,58,V,62,63,V,122,123,Y,72,73,L,57,58,V,69,70,L,59,60,L,58,59,S,53,54,C,57,58,L,53,54,N,55,56,V,58,59,V,81,82,L,62,63,T,65,66,V,62,63,V,61,62,T,60,61,L
27,136,p17612_ATP,63,64,L,1.0000,0.7027,63,64,L,64,65,L,62,63,V,67,68,N,65,66,L,65,66,L,70,71,L,62,63,L,58,59,F,61,62,I,84,85,V,77,78,L,66,67,L,55,56,F,65,66,L,60,61,V,88,89,L,64,65,L,59,60,F,64,65,Y,124,125,V,74,75,A,59,60,F,71,72,I,61,62,L,60,61,Y,55,56,Y,59,60,L,55,56,I,57,58,F,60,61,L,83,84,L,64,65,Y,67,68,L,64,65,F,63,64,L,62,63,L
28,138,p17612_ATP,65,66,F,1.0000,0.5405,65,66,F,66,67,G,64,65,G,69,70,G,67,68,G,67,68,G,72,73,G,64,65,D,60,61,G,63,64,D,86,87,G,79,80,G,68,69,G,57,58,G,67,68,G,62,63,G,90,91,E,66,67,G,61,62,G,66,67,A,126,127,F,76,77,P,61,62,G,73,74,G,63,64,D,62,63,E,57,58,D,61,62,E,57,58,E,59,60,E,62,63,E,85,86,F,66,67,T,69,70,K,66,67,K,65,66,Y,64,65,A
29,139,p17612_ATP,66,67,S,1.0000,0.6486,66,67,S,67,68,V,65,66,F,70,71,V,68,69,I,68,69,L,73,74,V,65,66,V,61,62,T,64,65,I,87,88,V,80,81,F,69,70,V,58,59,S,68,69,L,63,64,A,91,92,V,67,68,V,62,63,A,67,68,T,127,128,A,77,78,T,62,63,A,74,75,I,64,65,V,63,64,L,58,59,I,62,63,S,58,59,I,60,61,W,63,64,I,86,87,L,67,68,V,70,71,Y,67,68,Y,66,67,S,65,66,Y
30,140,p17612_ATP,67,68,F,1.0000,0.5135,67,68,F,68,69,V,66,67,C,71,72,C,69,70,C,69,70,C,74,75,C,66,67,I,62,63,V,65,66,I,88,89,C,81,82,F,70,71,C,59,60,E,69,70,C,64,65,C,92,93,F,68,69,V,63,64,C,68,69,F,128,129,T,78,79,C,63,64,C,75,76,C,65,66,F,64,65,F,59,60,S,63,64,F,59,60,I,61,62,Y,64,65,F,87,88,F,68,69,F,71,72,W,68,69,W,67,68,F,66,67,F
31,155,p17612_ATP,73,74,L,1.0000,0.7027,73,74,L,74,75,L,72,73,H,77,78,N,74,75,V,74,75,L,80,81,N,72,73,L,68,69,I,76,77,V,94,95,N,87,88,F,75,76,S,65,66,L,75,76,H,72,73,P,102,103,L,74,75,L,69,70,L,74,75,L,134,135,A,89,90,R,69,70,L,85,86,F,71,72,Y,76,77,L,66,67,L,69,70,L,65,66,A,67,68,L,70,71,V,95,96,A,74,75,L,81,82,V,78,79,V,73,74,L,72,73,F
32,157,p17612_ATP,75,76,M,1.0000,0.8649,75,76,M,76,77,V,74,75,F,79,80,L,76,77,L,76,77,L,82,83,M,74,75,L,70,71,G,78,79,I,96,97,M,89,90,I,77,78,M,67,68,V,77,78,M,74,75,L,104,105,F,76,77,I,71,72,I,76,77,V,136,137,L,91,92,L,71,72,I,87,88,I,73,74,I,78,79,L,68,69,V,71,72,M,67,68,V,69,70,L,72,73,M,97,98,L,76,77,V,83,84,F,80,81,F,75,76,F,74,75,L
33,158,p17612_ATP,76,77,V,1.0000,0.9459,76,77,V,77,78,L,75,76,I,80,81,V,77,78,I,77,78,V,83,84,V,75,76,V,71,72,V,79,80,V,97,98,V,90,91,V,78,79,V,68,69,C,78,79,V,75,76,I,105,106,A,77,78,V,72,73,I,77,78,V,137,138,I,92,93,V,72,73,I,88,89,V,74,75,F,79,80,V,69,70,V,72,73,I,68,69,F,70,71,V,73,74,V,98,99,M,77,78,I,84,85,I,81,82,I,76,77,V,75,76,I
34,160,p17612_ATP,78,79,E,1.0000,0.6486,78,79,E,79,80,E,77,78,P,82,83,E,79,80,Q,79,80,Q,85,86,E,77,78,E,73,74,E,81,82,D,99,100,E,92,93,E,80,81,E,70,71,T,80,81,E,77,78,H,107,108,D,79,80,E,74,75,S,79,80,S,139,140,M,94,95,P,74,75,S,90,91,E,76,77,E,81,82,E,71,72,E,74,75,E,70,71,E,72,73,E,75,76,E,100,101,P,79,80,P,86,87,E,83,84,E,78,79,E,77,78,P
35,161,p17612_ATP,79,80,Y,1.0000,0.7297,79,80,Y,80,81,F,78,79,Y,83,84,F,80,81,L,80,81,Y,86,87,F,78,79,F,74,75,Y,82,83,L,100,101,Y,93,94,F,81,82,F,71,72,L,81,82,Y,78,79,W,108,109,F,80,81,Y,75,76,L,80,81,F,140,141,F,95,96,S,75,76,F,91,92,Y,77,78,L,82,83,F,72,73,H,75,76,F,71,72,R,73,74,L,76,77,L,101,102,Y,80,81,F,87,88,Y,84,85,Y,79,80,Y,78,79,Y
36,162,p17612_ATP,80,81,V,1.0000,0.8649,80,81,V,81,82,M,79,80,M,84,85,V,81,82,M,81,82,L,87,88,V,79,80,L,75,76,C,83,84,M,101,102,V,94,95,C,82,83,V,72,73,C,82,83,V,79,80,M,109,110,H,81,82,M,76,77,C,81,82,M,141,142,N,96,97,L,76,77,C,92,93,C,78,79,A,83,84,N,73,74,C,76,77,I,72,73,S,74,75,C,77,78,A,102,103,Y,81,82,M,88,89,V,85,86,M,80,81,V,79,80,M
37,164,p17612_ATP,82,83,G,0.8108,0.5000,82,83,G,83,84,L,81,82,N,86,87,F,83,84,F,83,84,L,89,90,G,,,,77,78,R,,,,103,104,H,96,97,R,84,85,L,,,,84,85,L,81,82,Y,111,112,G,83,84,H,78,79,G,83,84,Y,143,144,K,,,,78,79,G,94,95,L,80,81,G,,,,,,,78,79,G,,,,76,77,G,79,80,G,104,105,R,83,84,Y,90,91,S,87,88,S,82,83,G,81,82,N
38,165,p17612_ATP,83,84,G,1.0000,0.7838,83,84,G,84,85,G,82,83,G,87,88,G,84,85,G,84,85,G,90,91,G,81,82,Q,78,79,G,85,86,T,104,105,G,97,98,G,85,86,G,74,75,Q,85,86,G,82,83,G,112,113,G,84,85,G,79,80,R,84,85,G,144,145,G,98,99,R,79,80,R,95,96,G,81,82,R,85,86,L,75,76,R,79,80,L,74,75,G,77,78,G,80,81,G,105,106,A,84,85,G,91,92,G,88,89,G,83,84,G,82,83,G
39,166,p17612_ATP,84,85,E,1.0000,0.5676,84,85,E,85,86,P,83,84,S,88,89,S,85,86,C,85,86,S,91,92,P,82,83,D,79,80,S,86,87,D,105,106,P,98,99,S,86,87,A,75,76,T,86,87,D,83,84,S,113,114,E,85,86,A,80,81,T,85,86,S,145,146,T,99,100,S,80,81,T,96,97,T,82,83,E,86,87,S,76,77,S,80,81,D,75,76,D,78,79,S,81,82,E,106,107,N,85,86,S,92,93,S,89,90,S,84,85,E,83,84,T
40,167,p17612_ATP,85,86,M,0.9730,0.9722,85,86,M,86,87,L,84,85,L,89,90,L,86,87,L,86,87,L,92,93,L,83,84,L,80,81,L,87,88,L,106,107,L,99,100,L,87,88,I,76,77,L,87,88,L,84,85,L,,,,86,87,L,81,82,L,86,87,A,146,147,L,100,101,L,81,82,L,97,98,L,83,84,V,87,88,F,77,78,L,81,82,I,76,77,M,79,80,L,82,83,L,107,108,L,86,87,A,93,94,L,90,91,L,85,86,L,84,85,L
41,171,p17612_ATP,89,90,L,1.0000,0.9730,89,90,L,90,91,L,88,89,L,93,94,L,90,91,V,90,91,V,96,97,M,87,88,M,84,85,L,91,92,L,110,111,L,103,104,L,91,92,L,80,81,L,91,92,L,88,89,L,116,117,M,90,91,L,85,86,V,90,91,I,150,151,I,104,105,L,85,86,V,101,102,L,87,88,I,91,92,I,81,82,L,85,86,I,80,81,V,83,84,I,86,87,L,111,112,Q,90,91,L,97,98,L,94,95,L,89,90,L,88,89,L
42,172,p17612_ATP,90,91,R,1.0000,0.5135,90,91,R,91,92,R,89,90,Q,94,95,K,91,92,R,91,92,R,97,98,H,88,89,D,85,86,N,92,93,K,111,112,R,104,105,T,92,93,R,81,82,D,92,93,R,89,90,H,117,118,S,91,92,R,86,87,R,91,92,C,151,152,Y,105,106,D,86,87,R,102,103,D,88,89,L,92,93,E,82,83,R,86,87,N,81,82,R,84,85,A,87,88,I,112,113,A,91,92,R,98,99,K,95,96,K,90,91,S,89,90,Q
43,186,p17612_ATP,,,-,0.5946,0.6364,,,,94,95,E,,,,97,98,K,94,95,K,94,95,R,100,101,S,,,,93,94,G,,,,114,115,R,107,108,D,95,96,G,84,85,R,95,96,K,93,94,N,131,132,K,94,95,E,89,90,K,,,,154,155,K,109,110,K,89,90,K,,,,,,,98,99,K,,,,89,90,A,,,,,,,,,,,,,,,,101,102,K,98,99,K,,,,,,
44,203,p17612_ATP,94,95,R,0.5676,0.5714,94,95,R,,,,96,97,P,,,,,,,,,,,,,94,95,G,,,,95,96,H,,,,,,,,,,90,91,N,105,106,P,,,,148,149,L,,,,,,,97,98,G,171,172,G,,,,,,,106,107,D,92,93,Y,,,,86,87,P,,,,85,86,K,88,89,N,91,92,S,115,116,P,97,98,G,106,107,A,103,104,T,94,95,V,96,97,P
45,204,p17612_ATP,95,96,F,1.0000,0.8378,95,96,F,97,98,F,97,98,L,100,101,I,97,98,I,97,98,L,103,104,L,95,96,I,96,97,M,96,97,L,117,118,V,110,111,L,98,99,V,91,92,E,106,107,L,96,97,V,149,150,L,97,98,L,92,93,L,98,99,M,172,173,L,112,113,L,92,93,L,107,108,L,93,94,Y,101,102,I,87,88,V,92,93,L,86,87,L,89,90,L,92,93,F,116,117,L,98,99,M,107,108,M,104,105,M,95,96,F,97,98,L
46,212,p17612_ATP,103,104,Y,1.0000,0.6486,103,104,Y,105,106,M,105,106,I,108,109,V,105,106,W,105,106,W,111,112,V,103,104,Y,104,105,V,104,105,F,125,126,V,118,119,L,106,107,V,99,100,V,114,115,L,104,105,F,157,158,Y,105,106,L,100,101,I,106,107,I,180,181,Y,120,121,V,100,101,I,115,116,L,101,102,V,109,110,V,95,96,I,100,101,Y,94,95,L,97,98,F,100,101,I,124,125,V,106,107,I,115,116,W,112,113,W,103,104,Y,105,106,I
47,213,p17612_ATP,104,105,A,1.0000,0.9459,104,105,A,106,107,Q,106,107,C,109,110,A,106,107,C,106,107,G,112,113,A,104,105,L,105,106,L,105,106,L,126,127,A,119,120,L,107,108,V,100,101,L,115,116,C,105,106,A,158,159,I,106,107,L,101,102,A,107,108,L,181,182,G,121,122,A,101,102,A,116,117,V,102,103,V,110,111,L,96,97,A,101,102,V,95,96,F,98,99,G,101,102,L,125,126,M,107,108,L,116,117,C,113,114,C,104,105,G,106,107,L
48,215,p17612_ATP,106,107,Q,1.0000,0.5135,106,107,Q,108,109,G,108,109,G,111,112,Q,108,109,Q,108,109,Q,114,115,Q,106,107,Q,107,108,D,107,108,Q,128,129,Q,121,122,D,109,110,Q,102,103,S,117,118,Q,107,108,D,160,161,Q,108,109,G,103,104,E,109,110,G,183,184,Q,123,124,R,103,104,E,118,119,G,104,105,Q,112,113,Q,98,99,E,103,104,Q,97,98,Q,100,101,D,103,104,M,127,128,G,109,110,G,118,119,Q,115,116,Q,106,107,E,108,109,G
49,216,p17612_ATP,107,108,I,1.0000,1.0000,107,108,I,109,110,V,109,110,L,112,113,L,109,110,I,109,110,I,115,116,L,107,108,L,108,109,I,108,109,I,129,130,L,122,123,L,110,111,L,103,104,I,118,119,V,108,109,M,161,162,L,109,110,L,104,105,I,110,111,V,184,185,I,124,125,L,104,105,I,119,120,A,105,106,V,113,114,V,99,100,V,104,105,V,98,99,I,101,102,L,104,105,V,128,129,V,110,111,A,119,120,I,116,117,I,107,108,I,109,110,I
50,217,p17612_ATP,108,109,V,1.0000,0.9189,108,109,V,110,111,A,110,111,L,113,114,A,110,111,A,110,111,A,116,117,A,108,109,L,109,110,A,109,110,L,130,131,A,123,124,I,111,112,A,104,105,F,119,120,A,109,110,A,162,163,S,110,111,A,105,106,V,111,112,L,185,186,L,125,126,L,105,106,I,120,121,A,106,107,L,114,115,L,100,101,L,105,106,C,99,100,A,102,103,I,105,106,A,129,130,A,111,112,V,120,121,L,117,118,L,108,109,V,110,111,S
51,219,p17612_ATP,110,111,T,1.0000,0.9730,110,111,T,112,113,A,112,113,A,115,116,A,112,113,G,112,113,G,118,119,A,110,111,G,111,112,G,111,112,G,132,133,A,125,126,G,113,114,A,106,107,A,121,122,G,111,112,G,164,165,A,112,113,A,107,108,G,113,114,A,187,188,V,127,128,A,107,108,G,122,123,G,108,109,A,116,117,A,102,103,G,107,108,A,101,102,A,104,105,G,107,108,G,131,132,G,113,114,G,122,123,A,119,120,A,110,111,A,112,113,A
52,220,p17612_ATP,111,112,F,1.0000,0.9730,111,112,F,113,114,M,113,114,V,116,117,M,113,114,M,113,114,M,119,120,L,111,112,L,112,113,M,112,113,L,133,134,L,126,127,M,114,115,L,107,108,V,122,123,M,112,113,M,165,166,L,113,114,M,108,109,M,114,115,L,188,189,L,128,129,L,108,109,M,123,124,L,109,110,V,117,118,L,103,104,L,108,109,L,102,103,V,105,106,L,108,109,I,132,133,L,114,115,L,123,124,L,120,121,L,111,112,L,113,114,I
53,222,p17612_ATP,113,114,Y,1.0000,0.8108,113,114,Y,115,116,Y,115,116,Y,118,119,F,115,116,Y,115,116,Y,121,122,Y,113,114,F,114,115,Y,114,115,Y,135,136,Y,128,129,Y,116,117,Y,109,110,E,124,125,H,114,115,F,167,168,T,115,116,Y,110,111,Y,116,117,Y,190,191,F,130,131,F,110,111,Y,125,126,R,111,112,Y,119,120,Y,105,106,Y,110,111,F,104,105,H,107,108,H,110,111,Y,134,135,T,116,117,Y,125,126,F,122,123,Y,113,114,Y,115,116,Y
54,223,p17612_ATP,114,115,L,1.0000,1.0000,114,115,L,116,117,L,116,117,L,119,120,L,116,117,L,116,117,L,122,123,L,114,115,C,115,116,L,115,116,I,136,137,L,129,130,L,117,118,L,110,111,L,125,126,L,115,116,L,168,169,I,116,117,L,111,112,L,117,118,I,191,192,L,131,132,L,111,112,L,126,127,L,112,113,L,120,121,L,106,107,M,111,112,L,105,106,C,108,109,L,111,112,L,135,136,L,117,118,L,126,127,L,123,124,L,114,115,L,116,117,L
55,224,p17612_ATP,115,116,H,1.0000,0.7297,115,116,H,117,118,S,117,118,H,120,121,E,117,118,E,117,118,E,123,124,E,115,116,H,116,117,H,116,117,H,137,138,E,130,131,H,118,119,E,111,112,H,126,127,S,116,117,H,169,170,H,117,118,S,112,113,H,118,119,H,192,193,H,132,133,H,112,113,H,127,128,H,113,114,H,121,122,H,107,108,N,112,113,H,106,107,H,109,110,H,112,113,H,136,137,H,118,119,H,127,128,H,124,125,H,115,116,H,117,118,H
56,232,p17612_ATP,119,120,L,1.0000,0.7297,119,120,L,121,122,F,121,122,I,124,125,L,121,122,L,121,122,M,127,128,L,119,120,V,121,122,E,120,121,V,141,142,L,134,135,F,122,123,L,116,117,Y,130,131,F,122,123,I,173,174,L,121,122,Y,116,117,I,122,123,Y,196,197,F,136,137,Y,116,117,I,133,134,E,117,118,I,125,126,I,111,112,I,116,117,I,110,111,L,113,114,I,116,117,I,140,141,I,122,123,C,133,134,I,130,131,I,119,120,I,124,125,V
57,233,p17612_ATP,120,121,I,1.0000,0.9459,120,121,I,122,123,V,122,123,I,125,126,I,122,123,V,122,123,V,128,129,V,120,121,L,122,123,V,121,122,L,142,143,V,135,136,V,123,124,P,117,118,T,131,132,V,123,124,P,174,175,A,122,123,V,117,118,L,123,124,V,197,198,P,137,138,V,117,118,V,134,135,L,118,119,V,126,127,I,112,113,V,117,118,G,111,112,V,114,115,L,117,118,T,141,142,I,123,124,I,134,135,I,131,132,I,120,121,V,125,126,I
58,234,p17612_ATP,121,122,Y,1.0000,0.8108,121,122,Y,123,124,H,123,124,H,126,127,H,123,124,H,123,124,H,129,130,H,121,122,H,123,124,H,122,123,H,143,144,H,136,137,H,124,125,H,118,119,H,132,133,H,124,125,R,175,176,C,123,124,H,118,119,H,124,125,H,198,199,Y,138,139,H,118,119,H,135,136,H,119,120,H,127,128,H,113,114,H,118,119,H,112,113,L,115,116,F,118,119,H,142,143,H,124,125,H,135,136,H,132,133,H,121,122,Y,126,127,C
59,235,p17612_ATP,122,123,R,1.0000,0.5405,122,123,R,124,125,R,124,125,S,127,128,G,124,125,R,124,125,R,130,131,G,122,123,R,124,125,G,123,124,R,144,145,G,137,138,G,125,126,G,119,120,Q,133,134,K,125,126,H,176,177,R,124,125,R,119,120,K,125,126,R,199,200,G,139,140,G,119,120,K,136,137,G,120,121,R,128,129,R,114,115,R,119,120,F,113,114,R,116,117,C,119,120,R,143,144,G,125,126,R,136,137,G,133,134,G,122,123,R,127,128,G
60,237,p17612_ATP,124,125,L,1.0000,1.0000,124,125,L,126,127,L,126,127,V,129,130,V,126,127,L,126,127,L,132,133,V,124,125,L,126,127,L,125,126,L,146,147,V,139,140,L,127,128,V,121,122,L,135,136,L,127,128,L,178,179,M,126,127,L,121,122,L,127,128,V,201,202,L,141,142,V,121,122,L,138,139,I,122,123,L,130,131,L,116,117,L,121,122,I,115,116,L,118,119,I,121,122,L,145,146,L,127,128,I,138,139,L,135,136,L,124,125,L,129,130,I
61,238,p17612_ATP,125,126,K,1.0000,0.5135,125,126,K,127,128,S,127,128,K,130,131,C,127,128,A,127,128,A,133,134,C,125,126,K,127,128,K,126,127,K,147,148,C,140,141,K,128,129,S,122,123,Q,136,137,A,128,129,N,179,180,D,127,128,A,122,123,K,128,129,K,202,203,H,142,143,T,122,123,K,139,140,R,123,124,K,131,132,K,117,118,S,122,123,R,116,117,K,119,120,S,122,123,K,146,147,H,128,129,K,139,140,T,136,137,T,125,126,K,130,131,S
62,239,p17612_ATP,126,127,P,1.0000,0.7027,126,127,P,128,129,A,128,129,S,131,132,A,128,129,A,128,129,A,134,135,T,126,127,P,128,129,S,127,128,P,148,149,G,141,142,S,129,130,A,123,124,P,137,138,A,129,130,S,180,181,P,128,129,A,123,124,S,129,130,A,203,204,A,143,144,A,123,124,S,140,141,S,124,125,L,132,133,P,118,119,P,123,124,P,117,118,L,120,121,P,123,124,P,147,148,Q,129,130,A,140,141,S,137,138,C,126,127,L,131,132,S
63,241,p17612_ATP,128,129,N,1.0000,0.8108,128,129,N,130,131,S,130,131,N,133,134,N,130,131,N,130,131,N,136,137,N,128,129,N,130,131,N,129,130,N,150,151,N,143,144,N,131,132,K,125,126,N,139,140,N,131,132,S,182,183,K,130,131,H,125,126,N,131,132,H,205,206,N,145,146,N,125,126,N,142,143,N,126,127,N,134,135,N,120,121,N,125,126,N,119,120,K,122,123,K,125,126,N,149,150,N,131,132,H,142,143,T,139,140,T,128,129,N,133,134,N
64,242,p17612_ATP,129,130,L,1.0000,0.9459,129,130,L,131,132,V,131,132,V,134,135,I,131,132,V,131,132,V,137,138,L,129,130,L,131,132,C,130,131,L,151,152,I,144,145,C,132,133,V,126,127,I,140,141,C,132,133,V,183,184,I,131,132,V,126,127,V,132,133,I,206,207,V,146,147,I,126,127,V,143,144,F,127,128,L,135,136,I,121,122,I,126,127,I,120,121,F,123,124,I,126,127,L,150,151,V,132,133,I,143,144,I,140,141,I,129,130,L,134,135,I
65,243,p17612_ATP,130,131,L,1.0000,0.8378,130,131,L,132,133,L,132,133,L,135,136,L,132,133,L,132,133,L,138,139,L,130,131,L,132,133,V,131,132,L,152,153,L,145,146,V,133,134,L,127,128,L,141,142,L,133,134,M,184,185,L,132,133,L,127,128,F,133,134,L,207,208,M,147,148,F,127,128,F,144,145,L,128,129,V,136,137,I,122,123,L,127,128,I,121,122,I,124,125,L,127,128,L,151,152,F,133,134,L,144,145,F,141,142,F,130,131,M,135,136,L
66,244,p17612_ATP,131,132,I,1.0000,0.8378,131,132,I,133,134,V,133,134,L,136,137,L,133,134,V,133,134,L,139,140,L,131,132,I,133,134,V,132,133,L,153,154,L,146,147,V,134,135,L,128,129,I,142,143,V,134,135,I,185,186,I,133,134,V,128,129,Y,134,135,I,208,209,L,148,149,V,128,129,Y,145,146,V,129,130,Y,137,138,L,123,124,L,128,129,Y,122,123,F,125,126,L,128,129,Y,152,153,A,134,135,I,145,146,I,142,143,I,131,132,L,136,137,L
67,247,p17612_ATP,,,-,0.2973,0.6364,,,,,,,,,,139,140,E,,,,,,,142,143,E,,,,,,,,,,156,157,L,,,,137,138,E,,,,,,,137,138,D,,,,,,,,,,,,,211,212,D,151,152,E,,,,,,,132,133,R,,,,,,,131,132,R,125,126,E,,,,131,132,P,,,,,,,,,,,,,,,,,,
68,256,p17612_ATP,135,136,G,0.9730,0.5833,135,136,G,137,138,L,137,138,L,148,149,P,137,138,Q,137,138,S,150,151,P,135,136,G,137,138,M,136,137,C,164,165,P,150,151,F,144,145,P,132,133,K,146,147,R,140,141,A,189,190,T,137,138,L,131,132,G,138,139,G,,,,154,155,S,131,132,G,149,150,Y,136,137,S,141,142,D,127,128,G,134,135,S,128,129,T,129,130,G,135,136,S,156,157,E,138,139,G,149,150,G,146,147,G,135,136,G,140,141,F
69,258,p17612_ATP,137,138,I,1.0000,1.0000,137,138,I,139,140,C,139,140,P,150,151,I,139,140,V,139,140,V,152,153,I,137,138,I,139,140,V,138,139,L,166,167,I,152,153,L,146,147,I,134,135,A,148,149,V,142,143,I,191,192,L,139,140,C,133,134,V,140,141,V,213,214,C,156,157,V,133,134,V,151,152,V,138,139,I,143,144,C,129,130,I,136,137,I,130,131,V,131,132,L,137,138,I,158,159,G,140,141,V,151,152,I,148,149,I,137,138,I,142,143,P
70,259,p17612_ATP,138,139,Q,1.0000,0.7027,138,139,Q,140,141,K,140,141,K,151,152,K,140,141,K,140,141,Q,153,154,K,138,139,K,140,141,K,139,140,K,167,168,K,153,154,K,147,148,K,135,136,H,149,150,K,143,144,S,192,193,R,140,141,K,134,135,V,141,142,Y,214,215,R,157,158,T,134,135,V,152,153,K,139,140,V,144,145,K,130,131,K,137,138,K,131,132,K,132,133,K,138,139,L,159,160,I,141,142,T,152,153,K,149,150,K,138,139,K,143,144,K
71,260,p17612_ATP,139,140,V,1.0000,0.9730,139,140,V,141,142,V,141,142,L,152,153,L,141,142,I,141,142,V,154,155,L,139,140,L,141,142,I,140,141,I,168,169,L,154,155,V,148,149,L,136,137,L,150,151,V,144,145,M,193,194,V,141,142,I,135,136,I,142,143,L,215,216,L,158,159,L,135,136,I,153,154,L,140,141,I,145,146,L,131,132,L,138,139,I,132,133,L,133,134,F,139,140,I,160,161,V,142,143,L,153,154,I,150,151,I,139,140,I,144,145,L
72,261,p17612_ATP,140,141,T,1.0000,0.5676,140,141,T,142,143,A,142,143,A,153,154,S,142,143,T,142,143,A,155,156,S,140,141,A,142,143,T,141,142,C,169,170,S,155,156,T,149,150,S,137,138,A,151,152,S,145,146,A,194,195,N,142,143,S,136,137,T,143,144,S,216,217,L,159,160,A,136,137,T,154,155,A,141,142,S,146,147,Q,132,133,A,139,140,I,133,134,E,134,135,S,140,141,T,161,162,G,143,144,S,154,155,G,151,152,G,140,141,T,145,146,T
73,262,p17612_ATP,141,142,D,1.0000,0.6216,141,142,D,143,144,R,143,144,H,154,155,D,143,144,D,143,144,D,156,157,D,141,142,D,143,144,D,142,143,D,170,171,D,156,157,D,150,151,D,138,139,D,152,153,A,146,147,D,195,196,C,143,144,G,137,138,D,144,145,G,217,218,D,160,161,G,137,138,D,155,156,G,142,143,D,147,148,D,133,134,K,140,141,E,134,135,S,135,136,N,141,142,D,162,163,D,144,145,G,155,156,S,152,153,S,141,142,D,146,147,D
74,263,p17612_ATP,142,143,F,1.0000,0.5676,142,143,F,144,145,L,144,145,P,155,156,P,144,145,F,144,145,F,157,158,P,142,143,F,144,145,F,143,144,F,171,172,P,157,158,Y,151,152,P,139,140,F,153,154,L,147,148,V,196,197,V,144,145,F,138,139,F,145,146,L,218,219,L,161,162,Y,138,139,F,156,157,F,143,144,F,148,149,L,134,135,F,141,142,F,135,136,L,136,137,F,142,143,F,163,164,F,145,146,L,156,157,V,153,154,V,142,143,F,147,148,F
75,264,p17612_ATP,143,144,G,1.0000,0.7027,143,144,G,145,146,G,145,146,M,156,157,G,145,146,G,145,146,G,158,159,G,143,144,G,145,146,G,144,145,G,172,173,G,158,159,G,152,153,G,140,141,D,154,155,G,148,149,K,197,198,G,145,146,G,139,140,G,146,147,R,219,220,E,162,163,G,139,140,G,157,158,E,144,145,H,149,150,S,135,136,G,142,143,G,136,137,E,137,138,C,143,144,G,164,165,D,146,147,S,157,158,W,154,155,A,143,144,G,148,149,A
76,265,p17612_ATP,144,145,F,0.9730,0.5833,144,145,F,146,147,H,146,147,A,157,158,I,146,147,L,146,147,V,159,160,I,144,145,L,146,147,C,145,146,L,173,174,V,159,160,F,153,154,V,141,142,K,155,156,L,149,150,F,198,199,V,146,147,R,140,141,L,147,148,S,220,221,N,163,164,F,140,141,L,158,159,L,145,146,L,150,151,S,136,137,L,143,144,Q,137,138,D,138,139,L,144,145,L,165,166,F,147,148,H,158,159,H,,,,144,145,L,149,150,M
77,268,p17612_ATP,147,148,R,0.9730,0.5000,147,148,R,149,150,Q,149,150,C,160,161,T,149,150,L,149,150,L,162,163,T,147,148,A,149,150,I,148,149,V,176,177,G,162,163,I,156,157,A,144,145,K,158,159,D,152,153,Q,201,202,V,149,150,R,143,144,I,150,151,S,223,224,L,166,167,R,143,144,I,161,162,T,148,149,L,153,154,L,139,140,M,146,147,Q,140,141,I,141,142,V,147,148,S,168,169,S,150,151,S,161,162,F,,,,147,148,E,152,153,F
78,269,p17612_ATP,148,149,V,0.9730,0.6667,148,149,V,150,151,G,150,151,P,161,162,V,150,151,L,150,151,L,163,164,V,148,149,F,150,151,L,149,150,A,177,178,A,163,164,L,157,158,V,145,146,W,159,160,V,153,154,C,202,203,L,150,151,D,144,145,S,151,152,M,224,225,G,167,168,Y,144,145,S,162,163,Q,149,150,E,154,155,M,140,141,T,147,148,L,141,142,L,142,143,E,148,149,G,169,170,V,151,152,L,162,163,S,,,,148,149,G,153,154,R
79,270,p17612_ATP,,,-,0.4324,0.6875,,,,,,,,,,,,,151,152,G,151,152,P,,,,149,150,G,,,,150,151,D,,,,164,165,E,,,,146,147,A,,,,154,155,P,203,204,T,,,,145,146,G,,,,225,226,L,168,169,C,145,146,G,,,,,,,,,,141,142,A,,,,,,,143,144,G,,,,,,,,,,163,164,N,,,,,,,154,155,S
80,271,p17612_ATP,,,-,0.2973,0.8182,,,,,,,,,,,,,,,,,,,,,,150,151,V,,,,151,152,P,,,,165,166,M,,,,147,148,G,,,,155,156,G,204,205,F,,,,146,147,V,,,,,,,169,170,P,146,147,V,,,,,,,,,,,,,,,,,,,144,145,E,,,,,,,,,,164,165,A,,,,,,,,,
81,294,p17612_ATP,152,153,T,0.6757,0.6800,152,153,T,,,,158,159,T,,,,159,160,A,159,160,Y,,,,152,153,V,,,,159,160,L,,,,,,,,,,,,,167,168,F,,,,,,,158,159,T,156,157,L,161,162,V,,,,177,178,V,156,157,L,170,171,T,153,154,I,162,163,I,,,,155,156,L,148,149,L,167,168,L,156,157,M,175,176,V,161,162,V,176,177,E,165,166,C,155,156,M,162,163,T
82,295,p17612_ATP,153,154,W,0.6486,0.5417,153,154,W,,,,159,160,M,,,,160,161,E,160,161,S,,,,153,154,R,,,,160,161,T,,,,,,,,,,,,,168,169,R,,,,,,,159,160,M,157,158,R,162,163,H,,,,178,179,E,157,158,K,171,172,R,154,155,K,163,164,R,,,,,,,149,150,S,168,169,K,157,158,K,176,177,N,162,163,Y,177,178,R,166,167,R,156,157,K,163,164,I
83,306,p17612_ATP,159,160,P,0.9459,0.8571,159,160,P,155,156,L,169,170,A,171,172,I,166,167,I,166,167,I,173,174,I,162,163,L,155,156,D,166,167,R,187,188,I,178,179,L,167,168,I,,,,174,175,L,160,161,P,213,214,L,165,166,A,163,164,L,172,173,L,,,,188,189,L,163,164,L,180,181,T,160,161,P,171,172,K,153,154,P,160,161,P,155,156,P,179,180,P,163,164,P,182,183,L,172,173,Q,183,184,L,172,173,L,162,163,P,173,174,L
84,308,p17612_ATP,161,162,Y,0.9459,0.9143,161,162,Y,157,158,W,171,172,Y,173,174,W,168,169,W,168,169,W,175,176,W,164,165,Y,157,158,W,168,169,Y,189,190,W,180,181,W,169,170,W,,,,176,177,W,162,163,W,215,216,L,167,168,W,165,166,H,174,175,W,,,,190,191,F,165,166,Y,182,183,Y,162,163,Y,173,174,W,155,156,Y,162,163,Y,157,158,Y,181,182,Y,165,166,Y,184,185,L,174,175,W,185,186,F,174,175,F,164,165,Y,175,176,Y
85,309,p17612_ATP,162,163,L,0.9459,0.7714,162,163,L,158,159,A,172,173,L,174,175,V,169,170,M,169,170,M,176,177,I,165,166,R,158,159,T,169,170,R,190,191,L,181,182,T,170,171,V,,,,177,178,M,163,164,V,216,217,M,168,169,A,166,167,L,175,176,L,,,,191,192,I,166,167,L,183,184,L,163,164,L,174,175,M,156,157,L,163,164,Y,158,159,V,182,183,T,166,167,I,185,186,M,175,176,L,186,187,F,175,176,F,165,166,L,176,177,M
86,310,p17612_ATP,163,164,A,0.9459,0.8000,163,164,A,159,160,A,173,174,P,175,176,P,170,171,A,170,171,A,177,178,A,166,167,A,159,160,A,170,171,A,191,192,A,182,183,A,171,172,A,,,,178,179,S,164,165,A,217,218,A,169,170,A,167,168,A,176,177,S,,,,192,193,S,167,168,A,184,185,S,164,165,A,175,176,A,157,158,A,164,165,A,159,160,S,183,184,A,167,168,A,186,187,S,176,177,S,187,188,P,176,177,A,166,167,A,177,178,P
87,311,p17612_ATP,164,165,P,0.9730,0.9444,164,165,P,160,161,P,174,175,E,176,177,P,171,172,L,171,172,L,178,179,P,167,168,P,160,161,P,171,172,P,192,193,P,183,184,P,172,173,P,149,150,P,179,180,P,165,166,P,,,,170,171,P,168,169,P,177,178,P,226,227,P,193,194,M,168,169,P,185,186,P,165,166,P,176,177,P,158,159,P,165,166,P,160,161,P,184,185,P,168,169,P,187,188,P,177,178,P,188,189,P,177,178,P,167,168,P,178,179,E
88,312,p17612_ATP,165,166,E,0.9730,0.9167,165,166,E,161,162,E,175,176,D,177,178,E,172,173,E,172,173,E,179,180,E,168,169,E,161,162,E,172,173,E,193,194,E,184,185,E,173,174,E,150,151,Q,180,181,E,166,167,E,,,,171,172,E,169,170,E,178,179,E,227,228,S,194,195,D,169,170,E,186,187,Q,166,167,E,177,178,E,159,160,E,166,167,E,161,162,E,185,186,E,169,170,E,188,189,E,178,179,E,189,190,E,178,179,E,168,169,E,179,180,E
89,313,p17612_ATP,166,167,I,0.9459,0.7143,166,167,I,162,163,V,176,177,F,178,179,C,173,174,S,173,174,S,180,181,C,169,170,I,162,163,H,173,174,I,194,195,C,185,186,L,174,175,C,,,,181,182,A,167,168,A,,,,172,173,T,170,171,I,179,180,V,228,229,F,195,196,L,170,171,I,187,188,E,167,168,V,178,179,A,160,161,V,167,168,V,162,163,I,186,187,V,170,171,V,189,190,L,179,180,L,190,191,Y,179,180,Y,169,170,V,180,181,Y
90,314,p17612_ATP,167,168,I,0.9459,0.8857,167,168,I,163,164,I,177,178,I,179,180,I,174,175,I,174,175,I,181,182,V,170,171,L,163,164,L,174,175,M,195,196,L,186,187,L,175,176,L,,,,182,183,I,168,169,L,,,,173,174,L,171,172,I,180,181,L,229,230,Y,196,197,H,171,172,V,188,189,L,168,169,V,179,180,L,161,162,I,168,169,H,163,164,L,187,188,V,171,172,L,190,191,K,180,181,L,191,192,G,180,181,G,170,171,L,181,182,I
91,317,p17612_ATP,170,171,K,0.9459,0.5429,170,171,K,166,167,G,180,181,G,182,183,P,177,178,R,177,178,G,184,185,S,173,174,C,166,167,A,177,178,S,198,199,G,189,190,P,178,179,A,,,,185,186,G,171,172,K,,,,176,177,G,174,175,L,183,184,N,232,233,Y,199,200,C,174,175,M,191,192,V,171,172,Q,182,183,S,164,165,G,171,172,D,166,167,S,190,191,A,174,175,K,193,194,K,183,184,D,194,195,A,183,184,T,173,174,N,184,185,G
92,328,p17612_ATP,172,173,Y,0.8378,0.6774,172,173,Y,168,169,H,182,183,L,185,186,L,179,180,Y,179,180,Y,187,188,L,176,177,Y,168,169,I,180,181,Y,202,203,L,,,,181,182,L,,,,187,188,F,,,,219,220,Y,178,179,F,185,186,F,187,188,Y,236,237,F,,,,185,186,F,195,196,Y,173,174,Y,183,184,F,166,167,F,173,174,V,169,170,Y,192,193,F,176,177,Y,,,,187,188,Y,,,,185,186,V,175,176,Y,186,187,L
93,330,p17612_ATP,173,174,N,0.9730,0.7222,173,174,N,169,170,T,183,184,T,186,187,N,180,181,T,180,181,T,188,189,S,177,178,S,169,170,S,181,182,T,203,204,S,192,193,S,182,183,S,151,152,E,188,189,S,177,178,R,,,,179,180,S,186,187,S,188,189,D,237,238,R,202,203,S,186,187,S,196,197,D,174,175,G,184,185,S,167,168,K,174,175,S,171,172,G,193,194,S,177,178,T,196,197,S,188,189,N,196,197,G,186,187,T,176,177,G,187,188,S
94,348,p17612_ATP,177,178,D,1.0000,1.0000,177,178,D,173,174,D,187,188,D,190,191,D,184,185,D,184,185,D,192,193,D,181,182,D,173,174,D,185,186,D,207,208,D,200,201,D,186,187,D,155,156,D,192,193,D,181,182,D,223,224,D,183,184,D,190,191,D,192,193,D,246,247,D,206,207,D,190,191,D,200,201,E,178,179,D,188,189,D,185,186,D,178,179,D,175,176,D,197,198,D,181,182,D,200,201,D,192,193,D,200,201,D,190,191,D,180,181,D,191,192,D
95,349,p17612_ATP,178,179,W,1.0000,0.8378,178,179,W,174,175,V,188,189,I,191,192,K,185,186,V,185,186,V,193,194,K,182,183,I,174,175,V,186,187,I,208,209,K,201,202,V,187,188,K,156,157,L,193,194,V,182,183,M,224,225,L,184,185,V,191,192,V,193,194,I,247,248,V,207,208,L,191,192,V,201,202,I,179,180,C,189,190,I,186,187,V,179,180,M,176,177,V,198,199,L,182,183,M,201,202,L,193,194,I,201,202,I,191,192,I,181,182,W,192,193,V
96,350,p17612_ATP,179,180,W,1.0000,0.8919,179,180,W,175,176,W,189,190,F,192,193,W,186,187,W,186,187,W,194,195,W,183,184,W,175,176,Y,187,188,W,209,210,W,202,203,Y,188,189,W,157,158,E,194,195,W,183,184,W,225,226,I,185,186,W,192,193,F,194,195,Y,248,249,H,208,209,Q,192,193,Y,202,203,Y,180,181,W,190,191,W,187,188,W,180,181,W,177,178,W,199,200,W,183,184,W,202,203,Y,194,195,Y,202,203,F,192,193,Y,182,183,W,193,194,Y
97,351,p17612_ATP,180,181,A,1.0000,0.6757,180,181,A,176,177,S,190,191,S,193,194,S,187,188,S,187,188,S,195,196,S,184,185,S,176,177,S,188,189,S,210,211,G,203,204,S,189,190,G,158,159,D,195,196,A,184,185,S,226,227,S,186,187,S,193,194,A,195,196,S,249,250,C,209,210,S,193,194,A,203,204,S,181,182,A,191,192,S,188,189,S,181,182,S,178,179,S,200,201,S,184,185,A,203,204,A,195,196,S,203,204,S,193,194,S,183,184,G,194,195,S
98,352,p17612_ATP,181,182,L,1.0000,0.5135,181,182,L,177,178,F,191,192,C,194,195,F,188,189,Y,188,189,Y,196,197,F,185,186,L,177,178,Y,189,190,V,211,212,F,204,205,F,190,191,F,159,160,L,196,197,F,185,186,F,227,228,L,187,188,F,194,195,L,196,197,V,250,251,F,210,211,L,194,195,F,204,205,F,182,183,I,192,193,L,189,190,L,182,183,L,179,180,L,201,202,L,185,186,L,204,205,Y,196,197,V,204,205,F,194,195,F,184,185,L,195,196,F
99,353,p17612_ATP,182,183,G,1.0000,1.0000,182,183,G,178,179,G,192,193,G,195,196,G,189,190,G,189,190,G,197,198,G,186,187,G,178,179,G,190,191,G,212,213,G,205,206,A,191,192,G,160,161,G,197,198,G,186,187,A,228,229,G,188,189,G,195,196,G,197,198,G,251,252,G,211,212,G,195,196,G,205,206,G,183,184,G,193,194,G,190,191,G,183,184,G,180,181,G,202,203,G,186,187,G,205,206,G,197,198,G,205,206,G,195,196,G,185,186,G,196,197,G
100,354,p17612_ATP,183,184,V,1.0000,0.7568,183,184,V,179,180,I,193,194,I,196,197,T,190,191,V,190,191,V,198,199,T,187,188,C,179,180,I,191,192,C,213,214,A,206,207,I,192,193,A,161,162,R,198,199,V,187,188,V,229,230,K,189,190,I,196,197,T,198,199,I,252,253,H,212,213,Y,196,197,T,206,207,I,184,185,V,194,195,C,191,192,I,184,185,T,181,182,V,203,204,C,187,188,V,206,207,C,198,199,I,206,207,M,196,197,M,186,187,V,197,198,I
101,355,p17612_ATP,184,185,L,1.0000,0.7838,184,185,L,180,181,L,194,195,V,197,198,T,191,192,T,191,192,T,199,200,T,188,189,I,180,181,I,192,193,I,214,215,T,207,208,I,193,194,T,162,163,L,199,200,L,188,189,L,230,231,V,190,191,I,197,198,I,199,200,T,253,254,L,213,214,C,197,198,V,207,208,V,185,186,I,195,196,I,192,193,I,185,186,L,182,183,M,204,205,L,188,189,I,207,208,L,199,200,T,207,208,C,197,198,C,187,188,V,198,199,V
102,356,p17612_ATP,185,186,I,1.0000,0.8919,185,186,I,181,182,M,195,196,L,198,199,L,192,193,V,192,193,V,200,201,L,189,190,F,181,182,A,193,194,L,215,216,L,208,209,M,194,195,V,163,164,V,200,201,M,189,190,L,231,232,V,191,192,M,198,199,W,200,201,A,254,255,L,214,215,M,198,199,W,208,209,L,186,187,M,196,197,I,193,194,L,186,187,V,183,184,L,205,206,L,189,190,T,208,209,L,200,201,A,208,209,A,198,199,A,188,189,M,199,200,I
103,357,p17612_ATP,186,187,Y,1.0000,0.5676,186,187,Y,182,183,W,196,197,A,199,200,W,193,194,W,193,194,W,201,202,W,190,191,A,182,183,Q,194,195,A,216,217,L,209,210,Q,195,196,W,164,165,L,201,202,W,190,191,W,232,233,L,192,193,W,199,200,Y,201,202,C,255,256,Y,215,216,L,199,200,Y,209,210,W,187,188,Y,197,198,L,194,195,F,187,188,Y,184,185,Y,206,207,Y,190,191,Y,209,210,L,201,202,C,209,210,L,199,200,L,189,190,Y,200,201,M
104,358,p17612_ATP,187,188,E,1.0000,0.7838,187,188,E,183,184,E,197,198,E,200,201,E,194,195,E,194,195,E,202,203,E,191,192,E,183,184,E,195,196,E,217,218,E,210,211,E,196,197,E,165,166,Y,202,203,E,191,192,E,233,234,A,193,194,E,200,201,E,202,203,E,256,257,E,216,217,K,200,201,E,210,211,E,188,189,I,198,199,D,195,196,E,188,189,V,185,186,T,207,208,E,191,192,A,210,211,W,202,203,E,210,211,E,200,201,E,190,191,E,201,202,E
105,359,p17612_ATP,188,189,M,1.0000,0.9730,188,189,M,184,185,V,198,199,V,201,202,I,195,196,L,195,196,L,203,204,I,192,193,M,184,185,I,196,197,M,218,219,I,211,212,V,197,198,V,166,167,V,203,204,V,192,193,L,234,235,L,194,195,V,201,202,L,203,204,L,257,258,M,217,218,W,201,202,L,211,212,I,189,190,L,199,200,M,196,197,L,189,190,L,186,187,M,208,209,M,192,193,L,211,212,L,203,204,L,211,212,M,201,202,M,191,192,M,202,203,V
106,360,p17612_ATP,189,190,A,1.0000,0.7838,189,190,A,185,186,M,199,200,L,202,203,C,196,197,M,196,197,M,204,205,C,193,194,V,185,186,I,197,198,L,219,220,C,212,213,M,198,199,F,167,168,V,204,205,F,193,194,V,235,236,A,195,196,M,202,203,H,204,205,A,258,259,T,218,219,L,202,203,Q,212,213,A,190,191,L,200,201,T,197,198,C,190,191,L,187,188,L,209,210,F,193,194,L,212,213,S,204,205,A,212,213,A,202,203,A,192,193,M,203,204,L
107,361,p17612_ATP,190,191,A,1.0000,0.5135,190,191,A,186,187,S,200,201,T,203,204,S,197,198,T,197,198,T,205,206,Y,194,195,T,186,187,L,198,199,S,220,221,F,213,214,V,199,200,S,168,169,K,205,206,T,194,195,T,236,237,C,196,197,A,203,204,A,205,206,N,259,260,Y,219,220,Y,203,204,A,213,214,T,191,192,S,201,202,S,198,199,V,191,192,S,188,189,V,210,211,S,194,195,S,213,214,V,205,206,S,213,214,V,203,204,V,193,194,C,204,205,T
108,363,p17612_ATP,191,192,G,0.9730,0.7500,191,192,G,188,189,G,201,202,G,205,206,G,199,200,G,199,200,G,207,208,G,195,196,R,187,188,R,199,200,N,222,223,G,214,215,R,201,202,V,170,171,G,207,208,G,195,196,R,237,238,N,198,199,G,204,205,R,206,207,G,260,261,G,220,221,G,204,205,R,214,215,G,192,193,G,,,,199,200,G,192,193,G,189,190,G,211,212,G,195,196,G,214,215,Q,206,207,G,214,215,L,204,205,L,194,195,G,205,206,G
109,365,p17612_ATP,193,194,P,1.0000,0.6216,193,194,P,190,191,R,203,204,P,207,208,K,201,202,K,201,202,E,209,210,I,197,198,A,189,190,E,201,202,P,224,225,A,216,217,T,203,204,M,172,173,I,209,210,M,197,198,V,239,240,L,200,201,R,206,207,W,208,209,V,262,263,P,222,223,L,206,207,W,216,217,I,194,195,P,202,203,C,201,202,K,194,195,N,191,192,Y,213,214,P,197,198,L,216,217,Q,208,209,V,216,217,I,206,207,I,196,197,L,207,208,R
110,366,p17612_ATP,194,195,P,1.0000,0.8378,194,195,P,191,192,P,204,205,A,208,209,P,202,203,P,202,203,P,210,211,P,198,199,L,190,191,T,202,203,I,225,226,P,217,218,P,204,205,P,173,174,S,210,211,P,198,199,P,240,241,A,201,202,P,207,208,P,209,210,P,263,264,P,223,224,P,207,208,P,217,218,P,195,196,P,203,204,S,202,203,L,195,196,P,192,193,P,214,215,P,198,199,P,217,218,E,209,210,P,217,218,Q,207,208,Q,197,198,P,208,209,V
111,367,p17612_ATP,195,196,F,1.0000,0.6757,195,196,F,192,193,Y,205,206,M,209,210,L,203,204,Y,203,204,Y,211,212,L,199,200,F,191,192,F,203,204,F,226,227,L,218,219,F,205,206,I,174,175,F,211,212,H,199,200,F,241,242,G,202,203,Y,208,209,F,210,211,F,264,265,D,224,225,W,208,209,L,218,219,F,196,197,F,204,205,F,203,204,F,196,197,F,193,194,F,215,216,F,199,200,F,218,219,F,210,211,F,218,219,T,208,209,G,198,199,F,209,210,V
112,389,p17612_ATP,202,203,Q,1.0000,0.5405,202,203,Q,199,200,E,212,213,V,216,217,R,210,211,E,210,211,E,218,219,E,206,207,D,201,202,E,210,211,D,233,234,E,227,228,E,212,213,K,184,185,E,218,219,E,206,207,E,248,249,Q,209,210,D,215,216,A,217,218,Q,278,279,A,232,233,E,215,216,A,225,226,K,211,212,N,212,213,H,210,211,E,203,204,Q,200,201,S,222,223,E,206,207,R,235,236,D,217,218,Q,227,228,E,218,219,E,205,206,K,220,221,D
113,390,p17612_ATP,203,204,I,1.0000,0.6486,203,204,I,200,201,V,213,214,Y,217,218,K,211,212,I,211,212,V,219,220,K,207,208,Q,202,203,K,211,212,Q,234,235,K,228,229,I,213,214,K,185,186,V,219,220,V,207,208,I,249,250,K,210,211,V,216,217,I,218,219,M,279,280,V,233,234,D,216,217,S,226,227,I,212,213,L,213,214,L,211,212,R,204,205,I,201,202,L,223,224,L,207,208,L,236,237,K,218,219,M,228,229,A,219,220,A,206,207,L,221,222,L
114,391,p17612_ATP,204,205,Y,1.0000,0.7027,204,205,Y,201,202,L,214,215,L,218,219,L,212,213,S,212,213,P,220,221,E,208,209,L,203,204,I,212,213,L,235,236,E,229,230,I,214,215,L,186,187,V,220,221,L,208,209,G,250,251,A,211,212,I,217,218,I,219,220,L,280,281,V,234,235,I,217,218,I,227,228,R,213,214,F,214,215,R,212,213,L,205,206,I,202,203,F,224,225,T,208,209,Y,237,238,V,219,220,L,229,230,I,220,221,I,207,208,F,222,223,L
115,394,p17612_ATP,207,208,I,0.9730,0.8056,207,208,I,204,205,I,217,218,L,221,222,Y,215,216,L,215,216,L,223,224,Y,211,212,I,206,207,V,215,216,I,238,239,Y,232,233,L,217,218,Y,,,,223,224,L,211,212,V,253,254,L,214,215,V,220,221,M,222,223,K,283,284,L,237,238,Q,220,221,I,230,231,V,216,217,I,217,218,L,215,216,L,208,209,I,205,206,I,227,228,I,211,212,I,240,241,L,222,223,K,232,233,A,223,224,A,210,211,I,225,226,L
116,395,p17612_ATP,208,209,V,0.9730,0.5278,208,209,V,205,206,E,218,219,L,222,223,E,216,217,E,216,217,E,224,225,E,212,213,F,207,208,E,216,217,L,239,240,Q,233,234,K,218,219,E,,,,224,225,Q,212,213,A,254,255,V,215,216,E,221,222,G,223,224,L,284,285,E,238,239,K,221,222,G,231,232,A,217,218,L,218,219,R,216,217,L,209,210,M,206,207,R,228,229,L,212,213,L,241,242,L,223,224,L,233,234,R,224,225,I,211,212,L,226,227,M
117,397,p17612_ATP,210,211,G,0.9730,0.5000,210,211,G,207,208,E,220,221,S,224,225,R,218,219,G,218,219,G,226,227,R,214,215,T,209,210,S,218,219,I,241,242,Q,235,236,P,220,221,R,,,,226,227,G,214,215,E,256,257,I,217,218,G,223,224,G,225,226,G,286,287,T,240,241,K,223,224,G,233,234,K,219,220,G,220,221,S,218,219,L,211,212,A,208,209,G,230,231,E,214,215,G,243,244,S,225,226,G,235,236,S,226,227,L,213,214,E,228,229,K
118,398,p17612_ATP,,,-,0.3243,0.5833,,,,,,,,,,,,,,,,,,,,,,215,216,L,210,211,N,219,220,L,,,,236,237,P,,,,,,,,,,,,,,,,,,,,,,226,227,T,287,288,L,,,,224,225,E,,,,,,,221,222,P,219,220,D,,,,,,,,,,,,,244,245,L,226,227,P,,,,,,,,,,229,230,R
119,399,p17612_ATP,,,-,0.2703,0.9000,,,,,,,,,,,,,,,,,,,,,,216,217,G,,,,220,221,G,,,,237,238,P,,,,,,,,,,,,,,,,,,,,,,227,228,V,288,289,S,,,,,,,,,,,,,222,223,G,220,221,C,,,,,,,,,,,,,245,246,I,227,228,P,,,,,,,,,,230,231,G
120,418,p17612_ATP,213,214,R,0.8108,0.6667,213,214,R,209,210,R,,,,226,227,Q,220,221,R,220,221,R,228,229,R,233,234,K,213,214,K,239,240,L,243,244,R,240,241,R,222,223,Q,,,,229,230,R,217,218,R,,,,219,220,R,225,226,K,242,243,T,301,302,R,,,,227,228,K,236,237,Q,222,223,E,225,226,K,225,226,L,214,215,T,,,,233,234,L,217,218,N,248,249,R,242,243,R,,,,,,,216,217,K,241,242,K
121,419,p17612_ATP,214,215,F,0.8108,0.7333,214,215,F,210,211,L,,,,227,228,L,221,222,L,221,222,L,229,230,P,234,235,P,214,215,P,240,241,L,244,245,L,241,242,P,223,224,L,,,,230,231,L,218,219,P,,,,220,221,L,226,227,P,243,244,M,302,303,L,,,,228,229,R,237,238,E,223,224,F,226,227,A,226,227,I,215,216,F,,,,234,235,P,218,219,Y,249,250,S,243,244,M,,,,,,,217,218,F,242,243,V
122,449,p17612_ATP,215,216,P,0.8919,0.5758,215,216,P,211,212,P,221,222,D,228,229,P,222,223,P,222,223,A,230,231,V,235,236,S,215,216,F,241,242,S,245,246,P,242,243,V,224,225,P,,,,231,232,P,219,220,T,,,,221,222,P,227,228,N,272,273,S,317,318,E,245,246,P,229,230,V,238,239,P,224,225,D,235,236,Q,227,228,V,216,217,D,211,212,N,235,236,P,219,220,T,271,272,P,273,274,H,,,,,,,218,219,P,244,245,P
123,450,p17612_ATP,216,217,S,0.8919,0.5455,216,217,S,212,213,P,222,223,I,229,230,A,223,224,Q,223,224,Q,231,232,T,236,237,F,216,217,R,242,243,L,246,247,E,243,244,V,225,226,A,,,,232,233,Q,220,221,I,,,,222,223,P,228,229,L,273,274,H,318,319,K,246,247,G,230,231,L,239,240,L,225,226,S,236,237,I,228,229,L,217,218,E,212,213,I,236,237,I,220,221,G,272,273,N,274,275,T,,,,,,,219,220,R,245,246,C
124,451,p17612_ATP,,,-,0.8378,0.8710,,,,213,214,P,223,224,P,230,231,P,224,225,P,224,225,P,232,233,P,237,238,P,217,218,P,243,244,P,247,248,P,244,245,P,226,227,P,,,,233,234,P,221,222,P,,,,223,224,P,229,230,S,274,275,P,319,320,P,247,248,P,231,232,T,240,241,G,226,227,P,237,238,P,229,230,A,218,219,E,213,214,P,237,238,P,221,222,E,273,274,P,275,276,P,,,,,,,,,,246,247,P
125,465,p17612_ATP,218,219,F,0.8649,0.6875,218,219,F,216,217,C,232,233,R,,,,227,228,C,227,228,C,,,,251,252,L,227,228,K,257,258,A,,,,248,249,A,,,,190,191,P,236,237,C,224,225,I,258,259,Y,226,227,C,233,234,M,279,280,F,323,324,I,258,259,P,235,236,L,243,244,C,231,232,I,,,,241,242,L,223,224,I,216,217,L,245,246,A,226,227,I,284,285,K,280,281,F,237,238,S,228,229,E,221,222,L,249,250,F
126,469,p17612_ATP,222,223,L,1.0000,0.8378,222,223,L,220,221,L,236,237,V,235,236,L,231,232,V,231,232,V,237,238,L,255,256,G,231,232,V,261,262,A,252,253,L,252,253,C,231,232,L,194,195,T,240,241,L,228,229,V,262,263,L,230,231,L,237,238,I,283,284,F,327,328,L,262,263,L,239,240,V,247,248,L,235,236,A,242,243,F,245,246,V,227,228,A,220,221,A,249,250,F,230,231,A,288,289,I,284,285,F,241,242,M,232,233,Q,225,226,A,253,254,L
127,484,p17612_ATP,225,226,L,1.0000,0.8108,225,226,L,223,224,L,244,245,I,238,239,L,234,235,I,234,235,V,240,241,L,258,259,L,234,235,L,264,265,L,255,256,L,255,256,L,234,235,L,197,198,L,243,244,L,231,232,L,265,266,L,233,234,L,240,241,I,286,287,F,342,343,L,265,266,Y,242,243,I,250,251,I,238,239,L,245,246,L,248,249,L,230,231,F,223,224,L,252,253,L,233,234,F,292,293,N,287,288,L,244,245,F,235,236,F,228,229,L,256,257,L
128,485,p17612_ATP,226,227,L,1.0000,0.9730,226,227,L,224,225,M,245,246,C,239,240,I,235,236,M,235,236,M,241,242,M,259,260,L,235,236,V,265,266,L,256,257,T,256,257,M,235,236,I,198,199,I,244,245,M,232,233,M,266,267,I,234,235,M,241,242,L,287,288,V,343,344,I,266,267,L,243,244,L,251,252,I,239,240,V,246,247,L,249,250,L,231,232,V,224,225,I,253,254,L,234,235,I,293,294,L,288,289,V,245,246,I,236,237,I,229,230,L,257,258,A
129,488,p17612_ATP,229,230,L,1.0000,0.9189,229,230,L,227,228,T,248,249,Y,242,243,C,238,239,C,238,239,C,244,245,C,262,263,M,238,239,C,268,269,M,259,260,C,259,260,C,238,239,C,201,202,L,247,248,C,235,236,C,269,270,L,237,238,C,244,245,C,290,291,C,346,347,Q,269,270,V,246,247,C,254,255,C,242,243,L,249,250,M,252,253,C,234,235,L,227,228,I,256,257,L,237,238,L,296,297,C,291,292,C,248,249,C,239,240,C,232,233,L,260,261,C
130,489,p17612_ATP,230,231,L,1.0000,0.6757,230,231,L,228,229,W,249,250,L,243,244,M,239,240,W,239,240,W,245,246,M,263,264,L,239,240,W,269,270,L,260,261,L,260,261,W,239,240,M,202,203,F,248,249,W,236,237,M,270,271,L,238,239,W,245,246,W,291,292,L,347,348,K,270,271,M,247,248,W,255,256,R,243,244,M,250,251,L,253,254,L,235,236,L,228,229,L,257,258,L,238,239,L,297,298,M,292,293,L,249,250,L,240,241,L,233,234,L,261,262,A
131,492,p17612_ATP,233,234,D,1.0000,0.6757,233,234,D,231,232,D,252,253,G,246,247,E,242,243,D,242,243,D,248,249,D,266,267,D,242,243,D,272,273,N,263,264,E,263,264,A,242,243,E,205,206,G,251,252,S,239,240,D,273,274,Q,241,242,D,248,249,E,294,295,N,350,351,H,273,274,T,250,251,D,258,259,D,246,247,E,253,254,D,256,257,H,238,239,E,231,232,E,260,261,D,241,242,E,300,301,T,295,296,D,252,253,D,243,244,E,236,237,D,264,265,R
132,493,p17612_ATP,234,235,L,1.0000,0.7297,234,235,L,232,233,R,253,254,A,247,248,P,243,244,A,243,244,E,249,250,P,267,268,P,243,244,P,273,274,P,264,265,P,264,265,A,243,244,P,206,207,E,252,253,P,240,241,P,274,275,N,242,243,P,249,250,Q,295,296,P,351,352,Q,274,275,Y,251,252,L,259,260,P,247,248,Q,254,255,P,257,258,P,239,240,R,232,233,P,261,262,P,242,243,A,301,302,R,296,297,P,253,254,P,244,245,P,237,238,P,265,266,A
133,496,p17612_ATP,237,238,R,1.0000,0.9459,237,238,R,235,236,R,256,257,L,250,251,R,246,247,R,246,247,R,252,253,R,270,271,R,246,247,R,276,277,R,267,268,R,267,268,R,246,247,R,209,210,R,255,256,R,243,244,R,277,278,R,245,246,R,252,253,R,298,299,R,354,355,R,277,278,K,254,255,R,262,263,R,250,251,R,257,258,R,260,261,R,242,243,R,235,236,R,264,265,R,245,246,R,304,305,E,299,300,R,256,257,R,247,248,R,240,241,R,268,269,R
134,497,p17612_ATP,238,239,F,0.9730,0.9444,238,239,F,236,237,P,257,258,P,251,252,P,247,248,P,247,248,P,253,254,P,271,272,I,247,248,P,277,278,I,268,269,P,268,269,P,247,248,P,210,211,D,256,257,P,244,245,P,,,,246,247,P,253,254,P,299,300,P,355,356,L,278,279,P,255,256,P,263,264,P,251,252,I,258,259,I,261,262,P,243,244,M,236,237,L,265,266,L,246,247,M,305,306,A,300,301,P,257,258,P,248,249,P,241,242,L,269,270,P
135,521,p17612_ATP,244,245,G,0.9730,0.6667,244,245,G,237,238,H,259,260,D,252,253,S,248,249,K,248,249,T,254,255,F,272,273,S,248,249,D,278,279,E,269,270,S,269,270,T,248,249,S,211,212,C,257,258,S,245,246,K,278,279,S,247,248,R,254,255,T,300,301,S,379,380,S,279,280,P,256,257,S,264,265,S,252,253,T,259,260,T,262,263,T,244,245,T,237,238,T,266,267,T,247,248,S,,,,301,302,S,258,259,S,249,250,T,247,248,D,270,271,S
136,525,p17612_ATP,248,249,I,0.9730,1.0000,248,249,I,241,242,L,263,264,A,256,257,I,252,253,L,252,253,L,258,259,I,276,277,A,252,253,I,282,283,A,273,274,I,273,274,I,252,253,V,215,216,L,261,262,I,249,250,I,282,283,I,251,252,I,258,259,L,304,305,L,383,384,A,283,284,L,260,261,L,268,269,I,256,257,A,263,264,V,266,267,L,248,249,A,241,242,I,270,271,L,251,252,A,,,,305,306,L,262,263,L,253,254,L,251,252,I,274,275,V
137,526,p17612_ATP,249,250,K,0.9730,0.8611,249,250,K,242,243,V,264,265,L,257,258,I,253,254,I,253,254,A,259,260,M,277,278,L,253,254,E,283,284,L,274,275,L,274,275,F,253,254,I,216,217,L,262,263,A,250,251,V,283,284,M,252,253,H,259,260,M,305,306,L,384,385,L,284,285,R,261,262,M,269,270,L,257,258,I,264,265,V,267,268,M,249,250,L,242,243,L,271,272,L,252,253,L,,,,306,307,L,263,264,L,254,255,L,252,253,M,275,276,L
138,529,p17612_ATP,252,253,K,0.9730,0.6389,252,253,K,245,246,F,267,268,A,260,261,L,256,257,F,256,257,F,262,263,I,280,281,P,256,257,L,286,287,P,277,278,L,277,278,F,256,257,L,219,220,P,265,266,L,253,254,L,286,287,I,255,256,L,262,263,L,308,309,S,387,388,S,287,288,L,264,265,L,272,273,L,260,261,E,267,268,T,270,271,K,252,253,P,245,246,P,274,275,S,255,256,P,,,,309,310,V,266,267,R,257,258,P,255,256,S,278,279,L
139,532,p17612_ATP,,,-,0.4324,0.6875,,,,248,249,M,270,271,L,263,264,L,259,260,M,,,,265,266,L,,,,259,260,I,,,,280,281,L,280,281,F,259,260,L,,,,268,269,S,,,,,,,,,,265,266,L,,,,390,391,H,290,291,L,267,268,L,275,276,F,,,,,,,,,,,,,,,,,,,,,,,,,,,,,,,,,,,,,281,282,T
