label,reference_label,pca_pka_ref_shared_dyn,pca_pka_ref_shared_pc_rms,pca_pka_ref_shared_gmin_pc1,pca_pka_ref_shared_gmin_pc2,pca_pka_ref_shared_centroid_pc1,pca_pka_ref_shared_centroid_pc2
o15197_ATP,p17612_ATP,5.37862262432777,0.5051117265378885,-0.1960636645815103,1.985922649274583,-0.1124570970631064,1.8105516577787808
o43187_ATP,p17612_ATP,4.123907630797936,0.37947808079550077,-1.245377351196534,1.147900617341943,-1.0744988189114957,1.1247521099841937
o60674_ATP,p17612_ATP,4.876985661466098,0.6256013622440277,-0.08101242541260278,1.4550341554769837,-0.021655087153295262,1.2859253916575724
p00533_ATP,p17612_ATP,4.854982466334877,0.4462234268902121,-0.40768369153340084,1.525539398837735,-0.3878046443500888,1.6272258722844777
p17612_ATP,p17612_ATP,3.7154921686278937,3.7154921686278937,-2.8468526568798027,-2.298586341588816,1.3635602725231307e-15,-3.9770507948591316e-16
p21860_ATP,p17612_ATP,5.580246769179867,0.5179871003617117,0.4271105216221028,1.7787200785631114,0.44435413411495994,1.8248644427183427
p23458_ATP,p17612_ATP,5.577284668985805,0.48369489196910964,0.6148891392482598,1.6913517266593154,0.44833428471939163,1.6636940367798008
p24941_ATP,p17612_ATP,4.802381248454084,0.41060106590753775,-0.9354333736736848,1.610953190955815,-0.8395719921827653,1.803155084117776
p25092_ATP,p17612_ATP,5.439441673334,0.4329422448632002,0.6761128366463313,1.4178055735424657,0.745598706478652,1.6190474247790787
p28482_ATP,p17612_ATP,4.55841684078441,0.46734094881775534,-0.3850656397594703,1.2629245859704117,-0.38255642176439025,1.2921500343558594
p29597_ATP,p17612_ATP,5.083668572171379,0.4630835908829144,-0.05738374872078367,1.6359423909282809,-0.12863963569270323,1.5333096383569615
p51841_ATP,p17612_ATP,6.0221408000576835,0.3735466677644667,0.5543747483203298,2.1611181999833597,0.640434165771833,2.0637767132201286
p52333_ATP,p17612_ATP,5.7394648717983685,0.5153855620157328,0.2075497675757526,2.0867435785390493,0.44476199733821736,1.9792748227338866
q05823_ATP,p17612_ATP,4.276497372692162,0.44994598614536757,-0.33861817539334543,0.9734276188436001,-0.24180588481687035,1.0149841037574439
q13308_ATP,p17612_ATP,4.645488794160471,0.49907317214102,0.20078018913959805,0.9739513039372784,0.32219879896533626,1.1091038878045258
q13418_ATP,p17612_ATP,5.948758589169575,0.4458153277756839,0.559651068409037,2.0557021574488976,0.48340954150240706,2.0955182408331936
q58a45_ATP,p17612_ATP,4.308474918797059,0.5305087558826902,-0.11346074519628713,0.8506468779722767,-0.19161094556469635,0.925040873329897
q5jzy3_ATP,p17612_ATP,5.120538275451594,0.5474557382036418,-0.3234339948949474,1.6602029963239184,-0.47769237559902245,1.911114772519501
q6vab6_ATP,p17612_ATP,4.366607054809024,0.6485838635186812,-0.8166470485867623,1.233160572037933,-0.7696244999699089,1.2080162243449393
q7rtn6_ATP,p17612_ATP,5.459799267719369,0.4762052544448112,0.0023547794073135453,1.9596059378739918,-0.02335087963020811,1.8253511530601825
q7z7a4_ATP,p17612_ATP,5.283776108263811,0.4735372055127869,0.20114994570402678,1.655840652106983,0.28069019790087646,1.6393452278971548
q8iv63_ATP,p17612_ATP,4.823389762633325,0.5650250916628026,-0.5295722411075319,1.5758148240267,-0.642596630027115,1.467014690349289
q8ivt5_ATP,p17612_ATP,4.637085853500756,0.6237891405945476,-0.6172657216854851,1.3549582077721638,-0.6135911944215174,1.554835197436375
q8nb16_ATP,p17612_ATP,5.1658920743283705,0.37999382303506474,-0.48504979855572133,1.846706041594096,-0.4785314494707518,1.8845401524693544
q8ncb2_ATP,p17612_ATP,4.9272943317977775,0.4950532433115274,0.11477918508969609,1.394799863932905,0.006868611914301342,1.2730827585502187
q8ne28_ATP,p17612_ATP,4.21601216333876,0.47740896145963546,-0.18632915369357983,0.8428400349810925,-0.20238300382228566,0.7476198059754935
q8tea7_ATP,p17612_ATP,3.9732447080987923,0.5002531140144801,-0.19775327688641398,0.5493042924766853,-0.21425425342007212,0.6019193123383881
q8wz42_ATP,p17612_ATP,5.218934286482623,0.5171554186583972,-0.2985531292942437,1.844293844390155,-0.2350944445572286,1.8047906371777693
q92519_ATP,p17612_ATP,5.260996253679179,0.7008068579935594,0.9426654530929233,0.9430826469485061,0.8843256610629533,1.239376503385985
q96c45_ATP,p17612_ATP,6.076162791096596,0.5925791156001463,-0.7427551289167982,2.737749984880751,-0.6725207024737306,2.5148379987403886
q96qs6_ATP,p17612_ATP,6.242613942713381,0.6043535674908013,0.26480575229297054,2.5054729023020825,-0.024002510935055302,2.4172311036597676
q9bxu1_ATP,p17612_ATP,3.821992965078891,0.5598232335023838,-0.6128989245843705,0.6416088522587914,-0.5224592370930567,0.621262796212961
q9c0k7_ATP,p17612_ATP,5.112103887998969,0.6057439467551605,-0.5854916885123652,1.8122857539139219,-0.2438969378118088,1.9220228670728388
q9nsy0_ATP,p17612_ATP,5.574230682413728,0.7874101001663167,0.3335360058578556,1.9465793675277183,0.3525291532418635,1.4803554597136919
q9uhy1_ATP,p17612_ATP,4.698147743873939,0.6498933834150545,-0.17148796538769195,1.347816684387328,-0.05691612406825962,1.0923186842453516
q9y243_ATP,p17612_ATP,5.365754976746045,0.7424922542414214,-0.27624970990514475,2.0587492715357754,-0.4175548784401894,1.5720389594277142
q9y616_ATP,p17612_ATP,4.488801706982082,0.49826458741807284,-0.5967713341016951,1.2012257926452357,-0.6290908260634699,1.481137051067978
