frame,time_ns,n_hbonds,n_contacts
0,0.0,2,74
1,0.1,1,84
2,0.2,5,84
3,0.3,3,84
4,0.4,5,82
5,0.5,2,78
6,0.6,3,92
7,0.7,1,96
8,0.8,4,95
9,0.9,2,75
10,1.0,4,83
11,1.1,4,84
12,1.2,2,78
13,1.3,2,74
14,1.4,7,87
15,1.5,3,68
16,1.6,3,81
17,1.7,3,79
18,1.8,3,71
19,1.9,5,83
20,2.0,5,77
21,2.1,3,68
22,2.2,6,77
23,2.3,5,79
24,2.4,3,80
25,2.5,7,78
26,2.6,6,77
27,2.7,4,84
28,2.8,5,88
29,2.9,4,89
30,3.0,4,88
31,3.1,4,82
32,3.2,4,83
33,3.3,2,73
34,3.4,4,71
35,3.5,5,90
36,3.6,5,82
37,3.7,3,81
38,3.8,6,84
39,3.9,5,88
40,4.0,3,99
41,4.1,5,90
42,4.2,5,88
43,4.3,5,89
44,4.4,7,78
45,4.5,5,86
46,4.6,5,85
47,4.7,3,83
48,4.8,7,82
49,4.9,4,77
50,5.0,5,83
51,5.1,7,76
52,5.2,4,97
53,5.3,3,97
54,5.4,7,87
55,5.5,4,86
56,5.6,3,73
57,5.7,4,73
58,5.8,3,89
59,5.9,5,98
60,6.0,3,99
61,6.1,5,103
62,6.2,5,93
63,6.3,7,88
64,6.4,3,86
65,6.5,3,89
66,6.6,8,105
67,6.7,2,96
68,6.8,5,78
69,6.9,5,74
70,7.0,4,85
71,7.1,4,94
72,7.2,4,92
73,7.3,3,73
74,7.4,3,95
75,7.5,2,84
76,7.6,2,88
77,7.7,7,80
78,7.8,3,82
79,7.9,2,94
80,8.0,8,92
81,8.1,5,91
82,8.2,5,90
83,8.3,7,104
84,8.4,6,107
85,8.5,1,91
86,8.6,3,86
87,8.7,3,89
88,8.8,1,111
89,8.9,1,78
90,9.0,6,86
91,9.1,8,88
92,9.2,10,86
93,9.3,5,87
94,9.4,4,92
95,9.5,4,95
96,9.6,6,90
97,9.7,4,80
98,9.8,4,93
99,9.9,4,88
100,10.0,5,89
101,10.1,6,100
102,10.2,5,73
103,10.3,8,77
104,10.4,6,83
105,10.5,7,88
106,10.6,7,97
107,10.7,6,82
108,10.8,5,75
109,10.9,8,94
110,11.0,5,70
111,11.1,6,80
112,11.2,3,78
113,11.3,4,78
114,11.4,7,86
115,11.5,6,81
116,11.6,7,85
117,11.7,6,78
118,11.8,5,80
119,11.9,5,79
120,12.0,3,82
121,12.1,5,72
122,12.2,4,92
123,12.3,5,87
124,12.4,5,81
125,12.5,3,71
126,12.6,3,77
127,12.7,4,70
128,12.8,5,89
129,12.9,7,80
130,13.0,8,82
131,13.1,5,80
132,13.2,5,79
133,13.3,5,76
134,13.4,4,77
135,13.5,5,75
136,13.6,7,82
137,13.7,7,83
138,13.8,2,74
139,13.9,5,90
140,14.0,5,84
141,14.1,4,90
142,14.2,2,87
143,14.3,4,80
144,14.4,7,78
145,14.5,2,75
146,14.6,4,74
147,14.7,6,92
148,14.8,3,91
149,14.9,2,81
150,15.0,4,76
151,15.1,4,68
152,15.2,2,81
153,15.3,3,83
154,15.4,2,77
155,15.5,4,67
156,15.6,4,92
157,15.7,3,85
158,15.8,3,75
159,15.9,4,85
160,16.0,4,76
161,16.1,4,72
162,16.2,3,73
163,16.3,5,88
164,16.4,4,77
165,16.5,3,83
166,16.6,4,82
167,16.7,3,80
168,16.8,5,82
169,16.9,7,77
170,17.0,4,84
171,17.1,6,84
172,17.2,3,98
173,17.3,3,79
174,17.4,4,85
175,17.5,5,89
176,17.6,3,84
177,17.7,4,76
178,17.8,8,94
179,17.9,6,81
180,18.0,5,82
181,18.1,8,78
182,18.2,8,68
183,18.3,4,90
184,18.4,2,73
185,18.5,7,85
186,18.6,5,90
187,18.7,5,76
188,18.8,4,68
189,18.9,8,77
190,19.0,5,75
191,19.1,5,88
192,19.2,7,77
193,19.3,5,66
194,19.4,5,78
195,19.5,3,79
196,19.6,5,71
197,19.7,6,76
198,19.8,4,69
199,19.9,3,75
200,20.0,3,95
201,20.1,5,71
202,20.2,5,89
203,20.3,4,81
204,20.4,6,85
205,20.5,6,74
206,20.6,7,77
207,20.7,7,70
208,20.8,7,88
209,20.9,4,81
210,21.0,2,83
211,21.1,1,77
212,21.2,1,97
213,21.3,6,93
214,21.4,3,79
215,21.5,3,78
216,21.6,1,79
217,21.7,1,78
218,21.8,3,74
219,21.9,1,89
220,22.0,4,90
221,22.1,1,92
222,22.2,5,87
223,22.3,7,85
224,22.4,4,92
225,22.5,3,88
226,22.6,5,85
227,22.7,5,82
228,22.8,1,88
229,22.9,3,78
230,23.0,4,80
231,23.1,5,85
232,23.2,6,83
233,23.3,3,87
234,23.4,3,97
235,23.5,4,95
236,23.6,5,111
237,23.7,2,96
238,23.8,3,81
239,23.9,5,92
240,24.0,3,87
241,24.1,4,92
242,24.2,5,87
243,24.3,5,87
244,24.4,5,90
245,24.5,5,72
246,24.6,4,85
247,24.7,5,91
248,24.8,7,76
249,24.9,6,75
250,25.0,7,75
251,25.1,5,94
252,25.2,8,93
253,25.3,6,101
254,25.4,8,92
255,25.5,8,87
256,25.6,7,88
257,25.7,10,86
258,25.8,7,92
259,25.9,5,84
260,26.0,4,88
261,26.1,5,87
262,26.2,5,89
263,26.3,8,85
264,26.4,5,88
265,26.5,3,84
266,26.6,6,89
267,26.7,4,92
268,26.8,5,78
269,26.9,4,86
270,27.0,4,100
271,27.1,4,85
272,27.2,3,75
273,27.3,4,88
274,27.4,4,86
275,27.5,3,86
276,27.6,5,80
277,27.7,3,92
278,27.8,4,85
279,27.9,5,86
280,28.0,3,93
281,28.1,5,77
282,28.2,4,87
283,28.3,2,73
284,28.4,3,83
285,28.5,2,74
286,28.6,4,92
287,28.7,3,70
288,28.8,2,87
289,28.9,4,77
290,29.0,3,92
291,29.1,2,86
292,29.2,3,71
293,29.3,2,71
294,29.4,3,82
295,29.5,3,77
296,29.6,0,72
297,29.7,4,68
298,29.8,4,75
299,29.9,3,86
300,30.0,2,77
301,30.1,3,80
302,30.2,4,75
303,30.3,4,73
304,30.4,2,65
305,30.5,1,82
306,30.6,1,70
307,30.7,2,76
308,30.8,3,96
309,30.9,1,74
310,31.0,2,86
311,31.1,2,76
312,31.2,2,78
313,31.3,3,76
314,31.4,3,80
315,31.5,4,83
316,31.6,4,81
317,31.7,3,70
318,31.8,5,77
319,31.9,5,87
320,32.0,5,81
321,32.1,5,89
322,32.2,4,99
323,32.3,4,71
324,32.4,4,72
325,32.5,4,76
326,32.6,5,82
327,32.7,4,92
328,32.8,4,70
329,32.9,6,81
330,33.0,5,82
331,33.1,4,84
332,33.2,6,95
333,33.3,4,90
334,33.4,6,89
335,33.5,4,69
336,33.6,5,83
337,33.7,6,90
338,33.8,4,70
339,33.9,3,79
340,34.0,3,69
341,34.1,6,84
342,34.2,3,84
343,34.3,4,84
344,34.4,3,78
345,34.5,2,86
346,34.6,2,82
347,34.7,1,93
348,34.8,3,77
349,34.9,7,99
350,35.0,3,86
351,35.1,5,102
352,35.2,6,92
353,35.3,3,83
354,35.4,7,87
355,35.5,6,75
356,35.6,6,104
357,35.7,7,101
358,35.8,8,80
359,35.9,6,75
360,36.0,4,69
361,36.1,6,83
362,36.2,5,84
363,36.3,7,74
364,36.4,7,94
365,36.5,7,89
366,36.6,6,93
367,36.7,7,86
368,36.8,6,80
369,36.9,6,80
370,37.0,7,98
371,37.1,6,100
372,37.2,5,102
373,37.3,6,76
374,37.4,4,90
375,37.5,5,73
376,37.6,5,80
377,37.7,5,75
378,37.8,5,75
379,37.9,4,74
380,38.0,2,86
381,38.1,3,81
382,38.2,2,86
383,38.3,4,71
384,38.4,3,97
385,38.5,4,102
386,38.6,4,86
387,38.7,2,93
388,38.8,7,86
389,38.9,6,92
390,39.0,2,92
391,39.1,3,99
392,39.2,2,78
393,39.3,4,82
394,39.4,5,85
395,39.5,2,88
396,39.6,6,83
397,39.7,8,90
398,39.8,3,78
399,39.9,3,83
400,40.0,5,88
401,40.1,6,87
402,40.2,4,85
403,40.3,4,85
404,40.4,2,72
405,40.5,1,75
406,40.6,4,83
407,40.7,3,86
408,40.8,3,78
409,40.9,5,85
410,41.0,2,89
411,41.1,3,92
412,41.2,2,85
413,41.3,3,69
414,41.4,3,89
415,41.5,1,80
416,41.6,3,77
417,41.7,5,91
418,41.8,2,82
419,41.9,3,81
420,42.0,1,77
421,42.1,3,83
422,42.2,4,75
423,42.3,2,74
424,42.4,4,84
425,42.5,2,76
426,42.6,3,83
427,42.7,2,85
428,42.8,4,73
429,42.9,2,96
430,43.0,2,80
431,43.1,2,86
432,43.2,2,88
433,43.3,3,82
434,43.4,2,73
435,43.5,1,85
436,43.6,5,76
437,43.7,3,84
438,43.8,3,99
439,43.9,4,71
440,44.0,4,102
441,44.1,2,84
442,44.2,2,88
443,44.3,3,84
444,44.4,4,91
445,44.5,6,78
446,44.6,4,67
447,44.7,7,69
448,44.8,5,60
449,44.9,5,81
450,45.0,4,99
451,45.1,2,95
452,45.2,1,77
453,45.3,6,98
454,45.4,5,75
455,45.5,3,91
456,45.6,7,84
457,45.7,1,70
458,45.8,2,85
459,45.9,6,92
460,46.0,3,96
461,46.1,5,78
462,46.2,6,78
463,46.3,7,80
464,46.4,2,73
465,46.5,4,75
466,46.6,2,78
467,46.7,6,91
468,46.8,5,80
469,46.9,1,89
470,47.0,7,88
471,47.1,4,84
472,47.2,2,80
473,47.3,4,101
474,47.4,5,102
475,47.5,5,91
476,47.6,5,93
477,47.7,5,93
478,47.8,6,65
479,47.9,8,81
480,48.0,4,97
481,48.1,7,91
482,48.2,5,101
483,48.3,4,87
484,48.4,4,92
485,48.5,7,91
486,48.6,4,82
487,48.7,2,96
488,48.8,2,84
489,48.9,6,93
490,49.0,4,94
491,49.1,9,87
492,49.2,4,89
493,49.3,6,99
494,49.4,7,83
495,49.5,4,87
496,49.6,4,85
497,49.7,3,80
498,49.8,2,62
499,49.9,5,94
500,50.0,3,105
501,50.1,4,77
502,50.2,3,81
503,50.3,5,94
504,50.4,6,88
505,50.5,4,80
506,50.6,5,92
507,50.7,2,97
508,50.8,2,90
509,50.9,9,91
510,51.0,6,80
511,51.1,4,77
512,51.2,5,82
513,51.3,8,79
514,51.4,6,87
515,51.5,6,89
516,51.6,4,77
517,51.7,3,88
518,51.8,4,67
519,51.9,0,78
520,52.0,5,70
521,52.1,5,80
522,52.2,6,79
523,52.3,5,77
524,52.4,3,86
525,52.5,1,77
526,52.6,2,78
527,52.7,1,71
528,52.8,2,87
529,52.9,7,86
530,53.0,3,97
531,53.1,4,108
532,53.2,3,99
533,53.3,3,77
534,53.4,3,92
535,53.5,2,85
536,53.6,4,83
537,53.7,3,81
538,53.8,3,78
539,53.9,4,95
540,54.0,4,94
541,54.1,2,85
542,54.2,2,89
543,54.3,2,100
544,54.4,6,90
545,54.5,4,94
546,54.6,3,90
547,54.7,2,85
548,54.8,3,90
549,54.9,3,81
550,55.0,2,79
551,55.1,5,85
552,55.2,3,84
553,55.3,2,85
554,55.4,3,102
555,55.5,3,76
556,55.6,2,86
557,55.7,1,82
558,55.8,1,100
559,55.9,1,76
560,56.0,1,78
561,56.1,3,75
562,56.2,3,80
563,56.3,2,89
564,56.4,2,90
565,56.5,0,82
566,56.6,5,86
567,56.7,1,96
568,56.8,2,87
569,56.9,2,82
570,57.0,1,85
571,57.1,2,71
572,57.2,2,89
573,57.3,2,74
574,57.4,2,77
575,57.5,3,85
576,57.6,7,90
577,57.7,7,81
578,57.8,5,66
579,57.9,5,71
580,58.0,4,82
581,58.1,6,72
582,58.2,7,76
583,58.3,6,68
584,58.4,3,80
585,58.5,2,83
586,58.6,4,70
587,58.7,3,78
588,58.8,4,78
589,58.9,2,76
590,59.0,0,67
591,59.1,5,68
592,59.2,1,76
593,59.3,4,79
594,59.4,3,74
595,59.5,2,79
596,59.6,3,73
597,59.7,4,79
598,59.8,2,75
599,59.9,5,67
600,60.0,8,70
601,60.1,3,66
602,60.2,3,75
603,60.3,4,62
604,60.4,2,71
605,60.5,3,69
606,60.6,6,75
607,60.7,3,77
608,60.8,4,65
609,60.9,3,67
610,61.0,5,71
611,61.1,5,73
612,61.2,2,66
613,61.3,2,85
614,61.4,5,70
615,61.5,1,64
616,61.6,4,66
617,61.7,4,78
618,61.8,7,81
619,61.9,4,74
620,62.0,3,65
621,62.1,3,74
622,62.2,4,76
623,62.3,6,63
624,62.4,7,78
625,62.5,4,71
626,62.6,4,79
627,62.7,5,77
628,62.8,5,74
629,62.9,4,78
630,63.0,1,70
631,63.1,2,63
632,63.2,2,73
633,63.3,4,64
634,63.4,2,71
635,63.5,3,64
636,63.6,3,69
637,63.7,4,73
638,63.8,7,73
639,63.9,5,72
640,64.0,3,75
641,64.1,4,77
642,64.2,6,70
643,64.3,6,69
644,64.4,6,63
645,64.5,7,72
646,64.6,8,63
647,64.7,7,67
648,64.8,6,80
649,64.9,5,75
650,65.0,3,71
651,65.1,2,68
652,65.2,6,79
653,65.3,7,79
654,65.4,8,79
655,65.5,7,67
656,65.6,4,67
657,65.7,8,82
658,65.8,9,74
659,65.9,11,85
660,66.0,6,73
661,66.1,8,84
662,66.2,6,75
663,66.3,5,75
664,66.4,4,80
665,66.5,4,82
666,66.6,5,77
667,66.7,4,69
668,66.8,2,65
669,66.9,4,70
670,67.0,7,70
671,67.1,6,72
672,67.2,5,79
673,67.3,5,74
674,67.4,3,75
675,67.5,6,82
676,67.6,5,75
677,67.7,2,71
678,67.8,3,72
679,67.9,7,82
680,68.0,6,74
681,68.1,2,60
682,68.2,4,75
683,68.3,3,64
684,68.4,3,72
685,68.5,4,81
686,68.6,6,81
687,68.7,1,75
688,68.8,5,73
689,68.9,3,67
690,69.0,8,75
691,69.1,3,76
692,69.2,6,75
693,69.3,3,76
694,69.4,5,84
695,69.5,4,62
696,69.6,2,66
697,69.7,2,70
698,69.8,3,70
699,69.9,2,68
700,70.0,1,68
701,70.1,4,63
702,70.2,3,72
703,70.3,6,69
704,70.4,1,63
705,70.5,3,64
706,70.6,1,66
707,70.7,2,79
708,70.8,3,77
709,70.9,3,67
710,71.0,6,73
711,71.1,4,73
712,71.2,3,74
713,71.3,4,92
714,71.4,3,67
715,71.5,2,85
716,71.6,4,73
717,71.7,4,82
718,71.8,4,80
719,71.9,3,67
720,72.0,4,61
721,72.1,3,73
722,72.2,2,73
723,72.3,3,68
724,72.4,4,71
725,72.5,2,84
726,72.6,5,64
727,72.7,3,67
728,72.8,3,69
729,72.9,3,90
730,73.0,4,75
731,73.1,3,72
732,73.2,4,77
733,73.3,2,79
734,73.4,4,65
735,73.5,4,75
736,73.6,4,69
737,73.7,3,83
738,73.8,4,81
739,73.9,2,74
740,74.0,3,82
741,74.1,2,63
742,74.2,2,73
743,74.3,1,76
744,74.4,4,69
745,74.5,1,75
746,74.6,3,70
747,74.7,2,73
748,74.8,2,73
749,74.9,3,67
750,75.0,4,62
751,75.1,3,68
752,75.2,2,67
753,75.3,5,65
754,75.4,2,59
755,75.5,3,67
756,75.6,2,65
757,75.7,3,66
758,75.8,5,62
759,75.9,4,77
760,76.0,3,59
761,76.1,2,70
762,76.2,3,70
763,76.3,2,70
764,76.4,3,70
765,76.5,1,66
766,76.6,4,79
767,76.7,0,70
768,76.8,2,57
769,76.9,2,67
770,77.0,4,75
771,77.1,5,61
772,77.2,6,82
773,77.3,1,69
774,77.4,1,60
775,77.5,4,80
776,77.6,3,67
777,77.7,5,67
778,77.8,2,69
779,77.9,3,78
780,78.0,4,79
781,78.1,3,71
782,78.2,3,82
783,78.3,5,71
784,78.4,1,73
785,78.5,2,72
786,78.6,2,64
787,78.7,2,56
788,78.8,3,78
789,78.9,5,82
790,79.0,3,82
791,79.1,2,65
792,79.2,2,69
793,79.3,3,70
794,79.4,3,84
795,79.5,3,61
796,79.6,3,76
797,79.7,2,71
798,79.8,5,75
799,79.9,3,77
800,80.0,3,70
801,80.1,4,76
802,80.2,2,77
803,80.3,5,69
804,80.4,1,63
805,80.5,2,69
806,80.6,2,65
807,80.7,3,66
808,80.8,4,77
809,80.9,4,81
810,81.0,3,74
811,81.1,4,81
812,81.2,4,77
813,81.3,4,65
814,81.4,2,78
815,81.5,5,81
816,81.6,3,72
817,81.7,5,70
818,81.8,3,69
819,81.9,4,70
820,82.0,5,74
821,82.1,3,75
822,82.2,1,73
823,82.3,7,72
824,82.4,3,66
825,82.5,2,78
826,82.6,3,77
827,82.7,4,77
828,82.8,2,80
829,82.9,4,67
830,83.0,4,72
831,83.1,3,75
832,83.2,2,60
833,83.3,4,75
834,83.4,4,68
835,83.5,2,74
836,83.6,0,73
837,83.7,1,69
838,83.8,2,71
839,83.9,2,72
840,84.0,5,89
841,84.1,3,62
842,84.2,2,63
843,84.3,3,81
844,84.4,0,72
845,84.5,1,60
846,84.6,0,80
847,84.7,3,74
848,84.8,4,65
849,84.9,4,64
850,85.0,1,72
851,85.1,2,77
852,85.2,1,63
853,85.3,2,70
854,85.4,3,73
855,85.5,2,70
856,85.6,4,74
857,85.7,4,76
858,85.8,5,76
859,85.9,2,80
860,86.0,3,67
861,86.1,3,68
862,86.2,3,84
863,86.3,2,78
864,86.4,1,66
865,86.5,6,83
866,86.6,4,71
867,86.7,4,76
868,86.8,2,75
869,86.9,5,74
870,87.0,2,65
871,87.1,0,64
872,87.2,1,79
873,87.3,1,68
874,87.4,0,76
875,87.5,3,76
876,87.6,4,83
877,87.7,2,68
878,87.8,4,68
879,87.9,4,62
880,88.0,3,71
881,88.1,3,80
882,88.2,4,58
883,88.3,7,67
884,88.4,1,61
885,88.5,4,69
886,88.6,2,58
887,88.7,3,72
888,88.8,4,66
889,88.9,2,76
890,89.0,2,76
891,89.1,4,75
892,89.2,2,74
893,89.3,4,73
894,89.4,5,77
895,89.5,5,75
896,89.6,3,68
897,89.7,3,62
898,89.8,4,67
899,89.9,7,72
900,90.0,5,81
901,90.1,4,70
902,90.2,4,64
903,90.3,5,75
904,90.4,6,64
905,90.5,3,55
906,90.6,1,70
907,90.7,2,61
908,90.8,3,80
909,90.9,3,61
910,91.0,3,67
911,91.1,3,83
912,91.2,3,71
913,91.3,3,69
914,91.4,3,65
915,91.5,1,58
916,91.6,4,71
917,91.7,3,61
918,91.8,6,90
919,91.9,4,63
920,92.0,3,59
921,92.1,2,68
922,92.2,3,72
923,92.3,7,76
924,92.4,3,65
925,92.5,5,69
926,92.6,6,68
927,92.7,2,65
928,92.8,3,52
929,92.9,8,74
930,93.0,3,71
931,93.1,4,65
932,93.2,2,70
933,93.3,4,62
934,93.4,3,72
935,93.5,2,76
936,93.6,4,77
937,93.7,2,59
938,93.8,3,71
939,93.9,4,77
940,94.0,5,64
941,94.1,3,73
942,94.2,4,64
943,94.3,2,70
944,94.4,3,71
945,94.5,4,71
946,94.6,5,62
947,94.7,2,71
948,94.8,3,67
949,94.9,4,66
950,95.0,2,74
951,95.1,5,76
952,95.2,1,72
953,95.3,2,76
954,95.4,5,63
955,95.5,2,62
956,95.6,2,61
957,95.7,3,85
958,95.8,3,66
959,95.9,1,73
960,96.0,3,59
961,96.1,4,67
962,96.2,6,69
963,96.3,3,72
964,96.4,4,74
965,96.5,3,69
966,96.6,3,76
967,96.7,5,82
968,96.8,3,65
969,96.9,3,74
970,97.0,2,77
971,97.1,5,91
972,97.2,4,77
973,97.3,3,72
974,97.4,5,73
975,97.5,4,78
976,97.6,3,70
977,97.7,5,62
978,97.8,3,74
979,97.9,2,76
980,98.0,3,73
981,98.1,5,65
982,98.2,5,71
983,98.3,6,72
984,98.4,4,66
985,98.5,4,77
986,98.6,4,64
987,98.7,4,64
988,98.8,3,64
989,98.9,6,84
990,99.0,1,52
991,99.1,1,57
992,99.2,3,67
993,99.3,4,71
994,99.4,4,67
995,99.5,3,73
996,99.6,2,65
997,99.7,2,50
998,99.8,7,68
999,99.9,4,97
1000,100.0,3,71
1001,100.1,3,74
1002,100.2,2,53
1003,100.3,3,82
1004,100.4,2,76
1005,100.5,2,69
1006,100.6,4,71
1007,100.7,4,67
1008,100.8,4,69
1009,100.9,5,79
1010,101.0,2,60
1011,101.1,1,74
1012,101.2,3,82
1013,101.3,2,68
1014,101.4,1,72
1015,101.5,2,63
1016,101.6,2,81
1017,101.7,4,67
1018,101.8,4,71
1019,101.9,2,62
1020,102.0,3,62
1021,102.1,5,70
1022,102.2,2,69
1023,102.3,5,67
1024,102.4,2,78
1025,102.5,2,59
1026,102.6,2,66
1027,102.7,1,74
1028,102.8,3,62
1029,102.9,4,82
1030,103.0,2,68
1031,103.1,3,65
1032,103.2,4,69
1033,103.3,5,79
1034,103.4,3,82
1035,103.5,3,71
1036,103.6,1,68
1037,103.7,3,69
1038,103.8,3,61
1039,103.9,5,65
1040,104.0,3,64
1041,104.1,3,70
1042,104.2,4,79
1043,104.3,2,68
1044,104.4,3,67
1045,104.5,3,71
1046,104.6,2,64
1047,104.7,3,75
1048,104.8,4,69
1049,104.9,1,70
1050,105.0,6,84
1051,105.1,2,67
1052,105.2,1,74
1053,105.3,3,71
1054,105.4,4,76
1055,105.5,4,70
1056,105.6,3,79
1057,105.7,4,80
1058,105.8,2,61
1059,105.9,3,66
1060,106.0,4,72
1061,106.1,2,60
1062,106.2,4,77
1063,106.3,5,82
1064,106.4,3,72
1065,106.5,2,82
1066,106.6,2,67
1067,106.7,3,86
1068,106.8,3,73
1069,106.9,5,73
1070,107.0,4,78
1071,107.1,4,76
1072,107.2,4,72
1073,107.3,2,72
1074,107.4,4,87
1075,107.5,3,66
1076,107.6,3,65
1077,107.7,2,70
1078,107.8,3,82
1079,107.9,3,77
1080,108.0,3,79
1081,108.1,4,81
1082,108.2,1,78
1083,108.3,5,80
1084,108.4,1,67
1085,108.5,2,83
1086,108.6,4,82
1087,108.7,3,67
1088,108.8,2,64
1089,108.9,2,65
1090,109.0,2,84
1091,109.1,6,81
1092,109.2,5,65
1093,109.3,5,68
1094,109.4,3,77
1095,109.5,4,59
1096,109.6,3,72
1097,109.7,3,74
1098,109.8,3,75
1099,109.9,3,78
1100,110.0,5,75
1101,110.1,5,72
1102,110.2,2,73
1103,110.3,4,75
1104,110.4,4,68
1105,110.5,5,75
1106,110.6,5,72
1107,110.7,3,74
1108,110.8,3,67
1109,110.9,8,76
1110,111.0,5,61
1111,111.1,4,72
1112,111.2,4,68
1113,111.3,3,67
1114,111.4,3,62
1115,111.5,3,70
1116,111.6,3,80
1117,111.7,5,77
1118,111.8,3,75
1119,111.9,4,61
1120,112.0,4,81
1121,112.1,2,77
1122,112.2,5,71
1123,112.3,3,83
1124,112.4,4,67
1125,112.5,5,61
1126,112.6,3,74
1127,112.7,7,89
1128,112.8,2,63
1129,112.9,4,73
1130,113.0,6,75
1131,113.1,2,65
1132,113.2,4,65
1133,113.3,7,65
1134,113.4,1,76
1135,113.5,3,70
1136,113.6,2,65
1137,113.7,6,69
1138,113.8,4,68
1139,113.9,3,85
1140,114.0,2,79
1141,114.1,4,64
1142,114.2,3,71
1143,114.3,3,70
1144,114.4,3,71
1145,114.5,3,61
1146,114.6,4,67
1147,114.7,3,58
1148,114.8,3,70
1149,114.9,3,75
1150,115.0,2,67
1151,115.1,4,78
1152,115.2,3,59
1153,115.3,2,71
1154,115.4,6,71
1155,115.5,1,72
1156,115.6,2,76
1157,115.7,4,73
1158,115.8,5,76
1159,115.9,3,70
1160,116.0,3,77
1161,116.1,3,65
1162,116.2,2,81
1163,116.3,6,54
1164,116.4,7,74
1165,116.5,4,62
1166,116.6,2,83
1167,116.7,5,78
1168,116.8,6,65
1169,116.9,2,73
1170,117.0,4,80
1171,117.1,4,73
1172,117.2,3,68
1173,117.3,1,69
1174,117.4,3,65
1175,117.5,3,68
1176,117.6,4,75
1177,117.7,5,77
1178,117.8,4,86
1179,117.9,1,66
1180,118.0,6,68
1181,118.1,2,64
1182,118.2,4,73
1183,118.3,5,79
1184,118.4,2,71
1185,118.5,4,67
1186,118.6,1,72
1187,118.7,7,80
1188,118.8,3,63
1189,118.9,4,69
1190,119.0,2,72
1191,119.1,1,58
1192,119.2,4,67
1193,119.3,3,82
1194,119.4,4,78
1195,119.5,6,76
1196,119.6,3,67
1197,119.7,4,68
1198,119.8,2,65
1199,119.9,4,70
1200,120.0,4,64
1201,120.1,1,70
1202,120.2,3,71
1203,120.3,4,72
1204,120.4,2,82
1205,120.5,3,83
1206,120.6,2,61
1207,120.7,3,78
1208,120.8,2,55
1209,120.9,0,51
1210,121.0,7,77
1211,121.1,5,76
1212,121.2,7,74
1213,121.3,3,68
1214,121.4,4,66
1215,121.5,3,77
1216,121.6,5,64
1217,121.7,5,64
1218,121.8,4,60
1219,121.9,7,82
1220,122.0,4,78
1221,122.1,4,76
1222,122.2,2,67
1223,122.3,2,69
1224,122.4,2,67
1225,122.5,3,83
1226,122.6,6,65
1227,122.7,3,78
1228,122.8,4,68
1229,122.9,7,67
1230,123.0,5,80
1231,123.1,8,68
1232,123.2,4,82
1233,123.3,2,77
1234,123.4,2,66
1235,123.5,4,79
1236,123.6,6,70
1237,123.7,4,74
1238,123.8,4,72
1239,123.9,6,83
1240,124.0,1,67
1241,124.1,4,80
1242,124.2,4,69
1243,124.3,5,73
1244,124.4,4,76
1245,124.5,4,72
1246,124.6,6,85
1247,124.7,3,81
1248,124.8,5,69
1249,124.9,7,80
1250,125.0,3,84
1251,125.1,4,72
1252,125.2,4,76
1253,125.3,3,59
1254,125.4,4,78
1255,125.5,4,75
1256,125.6,4,82
1257,125.7,3,73
1258,125.8,3,69
1259,125.9,2,70
1260,126.0,8,79
1261,126.1,6,78
1262,126.2,3,62
1263,126.3,5,68
1264,126.4,5,72
1265,126.5,4,66
1266,126.6,5,67
1267,126.7,5,82
1268,126.8,4,70
1269,126.9,2,71
1270,127.0,4,66
1271,127.1,6,79
1272,127.2,6,83
1273,127.3,3,64
1274,127.4,4,73
1275,127.5,6,67
1276,127.6,6,69
1277,127.7,7,69
1278,127.8,6,63
1279,127.9,5,63
1280,128.0,3,61
1281,128.1,4,57
1282,128.2,6,66
1283,128.3,8,79
1284,128.4,5,71
1285,128.5,4,65
1286,128.6,7,64
1287,128.7,4,73
1288,128.8,4,70
1289,128.9,4,79
1290,129.0,4,82
1291,129.1,1,65
1292,129.2,3,54
1293,129.3,3,73
1294,129.4,3,67
1295,129.5,2,68
1296,129.6,2,73
1297,129.7,3,57
1298,129.8,2,73
1299,129.9,0,65
1300,130.0,1,70
1301,130.1,5,55
1302,130.2,4,65
1303,130.3,7,68
1304,130.4,0,72
1305,130.5,1,66
1306,130.6,2,55
1307,130.7,5,72
1308,130.8,3,66
1309,130.9,4,67
1310,131.0,4,63
1311,131.1,10,64
1312,131.2,5,62
1313,131.3,4,64
1314,131.4,7,63
1315,131.5,4,72
1316,131.6,7,68
1317,131.7,3,72
1318,131.8,7,68
1319,131.9,5,66
1320,132.0,8,71
1321,132.1,3,80
1322,132.2,2,81
1323,132.3,9,70
1324,132.4,5,75
1325,132.5,5,73
1326,132.6,3,72
1327,132.7,0,75
1328,132.8,4,67
1329,132.9,1,74
1330,133.0,4,66
1331,133.1,6,76
1332,133.2,4,81
1333,133.3,4,73
1334,133.4,4,70
1335,133.5,4,71
1336,133.6,5,73
1337,133.7,3,80
1338,133.8,2,81
1339,133.9,1,72
1340,134.0,3,67
1341,134.1,3,74
1342,134.2,5,73
1343,134.3,1,76
1344,134.4,3,80
1345,134.5,3,74
1346,134.6,2,67
1347,134.7,6,83
1348,134.8,4,66
1349,134.9,6,73
1350,135.0,4,66
1351,135.1,7,74
1352,135.2,2,70
1353,135.3,3,65
1354,135.4,5,77
1355,135.5,2,71
1356,135.6,2,65
1357,135.7,1,61
1358,135.8,2,76
1359,135.9,2,78
1360,136.0,5,88
1361,136.1,2,72
1362,136.2,2,62
1363,136.3,2,62
1364,136.4,1,68
1365,136.5,1,60
1366,136.6,2,74
1367,136.7,4,67
1368,136.8,3,60
1369,136.9,1,74
1370,137.0,5,68
1371,137.1,3,58
1372,137.2,1,69
1373,137.3,3,79
1374,137.4,5,80
1375,137.5,6,68
1376,137.6,2,77
1377,137.7,2,66
1378,137.8,5,70
1379,137.9,4,72
1380,138.0,3,81
1381,138.1,1,74
1382,138.2,1,53
1383,138.3,0,68
1384,138.4,2,75
1385,138.5,2,66
1386,138.6,3,77
1387,138.7,2,64
1388,138.8,1,67
1389,138.9,2,87
1390,139.0,4,73
1391,139.1,2,66
1392,139.2,4,67
1393,139.3,3,69
1394,139.4,3,69
1395,139.5,3,70
1396,139.6,0,75
1397,139.7,3,76
1398,139.8,2,82
1399,139.9,7,66
1400,140.0,7,73
1401,140.1,1,54
1402,140.2,4,63
1403,140.3,2,61
1404,140.4,3,59
1405,140.5,2,64
1406,140.6,2,64
1407,140.7,1,61
1408,140.8,2,75
1409,140.9,2,73
1410,141.0,2,61
1411,141.1,1,66
1412,141.2,4,67
1413,141.3,4,68
1414,141.4,2,68
1415,141.5,1,55
1416,141.6,2,62
1417,141.7,2,83
1418,141.8,2,69
1419,141.9,2,75
1420,142.0,2,62
1421,142.1,2,67
1422,142.2,4,68
1423,142.3,2,79
1424,142.4,2,80
1425,142.5,1,78
1426,142.6,1,61
1427,142.7,3,67
1428,142.8,2,69
1429,142.9,2,76
1430,143.0,4,69
1431,143.1,4,69
1432,143.2,2,55
1433,143.3,2,81
1434,143.4,1,59
1435,143.5,3,66
1436,143.6,3,73
1437,143.7,1,60
1438,143.8,1,65
1439,143.9,1,74
1440,144.0,1,68
1441,144.1,4,48
1442,144.2,1,71
1443,144.3,2,72
1444,144.4,3,78
1445,144.5,3,75
1446,144.6,1,64
1447,144.7,2,69
1448,144.8,1,79
1449,144.9,3,66
1450,145.0,2,64
1451,145.1,3,71
1452,145.2,2,75
1453,145.3,3,69
1454,145.4,2,72
1455,145.5,4,66
1456,145.6,6,68
1457,145.7,2,68
1458,145.8,1,66
1459,145.9,2,57
1460,146.0,3,65
1461,146.1,3,69
1462,146.2,1,65
1463,146.3,2,63
1464,146.4,3,65
1465,146.5,3,82
1466,146.6,5,73
1467,146.7,2,68
1468,146.8,5,68
1469,146.9,1,64
1470,147.0,3,69
1471,147.1,6,68
1472,147.2,2,70
1473,147.3,3,72
1474,147.4,4,54
1475,147.5,4,74
1476,147.6,2,77
1477,147.7,3,67
1478,147.8,5,75
1479,147.9,2,66
1480,148.0,2,66
1481,148.1,4,82
1482,148.2,2,69
1483,148.3,2,79
1484,148.4,2,80
1485,148.5,2,73
1486,148.6,5,56
1487,148.7,5,56
1488,148.8,3,70
1489,148.9,2,66
1490,149.0,3,68
1491,149.1,2,62
1492,149.2,2,81
1493,149.3,2,58
1494,149.4,1,72
1495,149.5,1,68
1496,149.6,3,69
1497,149.7,4,78
1498,149.8,2,76
1499,149.9,3,58
1500,150.0,4,54
1501,150.1,3,67
1502,150.2,6,67
1503,150.3,5,66
1504,150.4,2,66
1505,150.5,4,68
1506,150.6,5,63
1507,150.7,3,57
1508,150.8,1,74
1509,150.9,4,79
1510,151.0,4,70
1511,151.1,5,78
1512,151.2,2,69
1513,151.3,2,71
1514,151.4,8,71
1515,151.5,6,70
1516,151.6,2,58
1517,151.7,4,64
1518,151.8,1,58
1519,151.9,4,74
1520,152.0,5,73
1521,152.1,4,56
1522,152.2,3,63
1523,152.3,2,58
1524,152.4,1,87
1525,152.5,3,68
1526,152.6,2,71
1527,152.7,3,74
1528,152.8,1,64
1529,152.9,5,70
1530,153.0,4,75
1531,153.1,3,63
1532,153.2,5,82
1533,153.3,3,76
1534,153.4,3,78
1535,153.5,2,65
1536,153.6,2,69
1537,153.7,3,59
1538,153.8,2,82
1539,153.9,1,81
1540,154.0,3,88
1541,154.1,2,65
1542,154.2,4,76
1543,154.3,4,77
1544,154.4,2,75
1545,154.5,4,75
1546,154.6,1,76
1547,154.7,3,71
1548,154.8,3,66
1549,154.9,3,65
1550,155.0,3,74
1551,155.1,3,86
1552,155.2,4,79
1553,155.3,1,75
1554,155.4,2,82
1555,155.5,4,67
1556,155.6,2,70
1557,155.7,4,78
1558,155.8,3,67
1559,155.9,1,74
1560,156.0,3,71
1561,156.1,3,74
1562,156.2,3,67
1563,156.3,4,73
1564,156.4,5,79
1565,156.5,5,76
1566,156.6,4,76
1567,156.7,0,60
1568,156.8,2,65
1569,156.9,1,70
1570,157.0,2,70
1571,157.1,2,72
1572,157.2,2,63
1573,157.3,2,59
1574,157.4,2,70
1575,157.5,2,73
1576,157.6,2,59
1577,157.7,4,64
1578,157.8,3,68
1579,157.9,1,64
1580,158.0,2,56
1581,158.1,1,58
1582,158.2,0,74
1583,158.3,2,65
1584,158.4,1,72
1585,158.5,1,65
1586,158.6,3,78
1587,158.7,2,62
1588,158.8,2,63
1589,158.9,2,70
1590,159.0,3,66
1591,159.1,4,69
1592,159.2,3,73
1593,159.3,4,70
1594,159.4,1,61
1595,159.5,5,78
1596,159.6,2,62
1597,159.7,3,74
1598,159.8,2,56
1599,159.9,0,63
1600,160.0,3,65
1601,160.1,4,67
1602,160.2,3,67
1603,160.3,3,75
1604,160.4,4,76
1605,160.5,5,66
1606,160.6,4,72
1607,160.7,5,71
1608,160.8,6,72
1609,160.9,3,69
1610,161.0,3,54
1611,161.1,3,77
1612,161.2,4,64
1613,161.3,4,80
1614,161.4,6,68
1615,161.5,6,62
1616,161.6,5,76
1617,161.7,4,58
1618,161.8,5,68
1619,161.9,3,63
1620,162.0,5,71
1621,162.1,5,69
1622,162.2,4,64
1623,162.3,4,78
1624,162.4,3,63
1625,162.5,4,62
1626,162.6,4,77
1627,162.7,4,57
1628,162.8,3,72
1629,162.9,6,70
1630,163.0,7,55
1631,163.1,2,64
1632,163.2,2,59
1633,163.3,4,49
1634,163.4,4,57
1635,163.5,5,63
1636,163.6,4,85
1637,163.7,3,75
1638,163.8,3,83
1639,163.9,4,67
1640,164.0,4,62
1641,164.1,4,71
1642,164.2,3,74
1643,164.3,3,80
1644,164.4,7,77
1645,164.5,4,67
1646,164.6,5,76
1647,164.7,6,73
1648,164.8,5,71
1649,164.9,5,74
1650,165.0,5,75
1651,165.1,8,74
1652,165.2,6,70
1653,165.3,5,62
1654,165.4,10,87
1655,165.5,5,68
1656,165.6,6,81
1657,165.7,3,72
1658,165.8,6,70
1659,165.9,5,66
1660,166.0,6,72
1661,166.1,5,82
1662,166.2,5,91
1663,166.3,7,93
1664,166.4,6,73
1665,166.5,4,71
1666,166.6,7,82
1667,166.7,5,71
1668,166.8,4,73
1669,166.9,4,84
1670,167.0,4,74
1671,167.1,5,83
1672,167.2,6,69
1673,167.3,5,72
1674,167.4,6,72
1675,167.5,5,80
1676,167.6,3,64
1677,167.7,5,68
1678,167.8,5,77
1679,167.9,5,73
1680,168.0,5,81
1681,168.1,3,76
1682,168.2,4,74
1683,168.3,2,70
1684,168.4,3,79
1685,168.5,5,69
1686,168.6,7,75
1687,168.7,3,70
1688,168.8,3,90
1689,168.9,3,88
1690,169.0,2,69
1691,169.1,3,73
1692,169.2,1,73
1693,169.3,5,89
1694,169.4,3,64
1695,169.5,3,77
1696,169.6,2,80
1697,169.7,1,64
1698,169.8,1,81
1699,169.9,4,84
1700,170.0,4,68
1701,170.1,4,66
1702,170.2,4,74
1703,170.3,3,68
1704,170.4,4,79
1705,170.5,1,76
1706,170.6,3,74
1707,170.7,3,66
1708,170.8,3,84
1709,170.9,3,82
1710,171.0,4,61
1711,171.1,2,84
1712,171.2,3,83
1713,171.3,3,91
1714,171.4,5,75
1715,171.5,2,78
1716,171.6,3,81
1717,171.7,4,74
1718,171.8,3,74
1719,171.9,6,77
1720,172.0,4,78
1721,172.1,2,68
1722,172.2,1,73
1723,172.3,2,73
1724,172.4,1,81
1725,172.5,1,81
1726,172.6,4,75
1727,172.7,3,73
1728,172.8,2,75
1729,172.9,1,74
1730,173.0,5,86
1731,173.1,3,67
1732,173.2,2,79
1733,173.3,1,65
1734,173.4,3,69
1735,173.5,3,69
1736,173.6,2,73
1737,173.7,3,64
1738,173.8,1,72
1739,173.9,4,82
1740,174.0,1,76
1741,174.1,3,73
1742,174.2,1,62
1743,174.3,2,80
1744,174.4,4,76
1745,174.5,2,65
1746,174.6,5,79
1747,174.7,4,72
1748,174.8,3,85
1749,174.9,4,67
1750,175.0,4,72
1751,175.1,3,59
1752,175.2,2,86
1753,175.3,5,79
1754,175.4,3,77
1755,175.5,4,68
1756,175.6,3,77
1757,175.7,7,75
1758,175.8,5,72
1759,175.9,4,80
1760,176.0,8,73
1761,176.1,3,61
1762,176.2,2,72
1763,176.3,2,78
1764,176.4,5,73
1765,176.5,4,71
1766,176.6,5,79
1767,176.7,6,75
1768,176.8,7,78
1769,176.9,5,75
1770,177.0,3,75
1771,177.1,2,80
1772,177.2,6,74
1773,177.3,5,73
1774,177.4,3,61
1775,177.5,3,73
1776,177.6,3,78
1777,177.7,3,67
1778,177.8,3,88
1779,177.9,1,73
1780,178.0,3,62
1781,178.1,2,68
1782,178.2,1,70
1783,178.3,3,87
1784,178.4,3,64
1785,178.5,2,76
1786,178.6,1,64
1787,178.7,4,75
1788,178.8,4,82
1789,178.9,3,66
1790,179.0,1,83
1791,179.1,4,67
1792,179.2,3,60
1793,179.3,3,77
1794,179.4,1,68
1795,179.5,3,71
1796,179.6,3,73
1797,179.7,1,72
1798,179.8,4,90
1799,179.9,3,74
1800,180.0,2,83
1801,180.1,3,74
1802,180.2,2,79
1803,180.3,3,76
1804,180.4,3,65
1805,180.5,4,85
1806,180.6,6,87
1807,180.7,4,77
1808,180.8,5,74
1809,180.9,5,90
1810,181.0,2,80
1811,181.1,3,87
1812,181.2,6,84
1813,181.3,2,74
1814,181.4,4,80
1815,181.5,3,75
1816,181.6,1,56
1817,181.7,4,77
1818,181.8,3,68
1819,181.9,5,79
1820,182.0,5,73
1821,182.1,7,72
1822,182.2,5,79
1823,182.3,2,74
1824,182.4,3,94
1825,182.5,2,80
1826,182.6,4,84
1827,182.7,3,76
1828,182.8,6,75
1829,182.9,4,75
1830,183.0,3,60
1831,183.1,6,76
1832,183.2,5,76
1833,183.3,7,78
1834,183.4,5,68
1835,183.5,6,74
1836,183.6,4,66
1837,183.7,4,81
1838,183.8,4,65
1839,183.9,2,78
1840,184.0,3,83
1841,184.1,6,80
1842,184.2,6,79
1843,184.3,5,66
1844,184.4,3,71
1845,184.5,1,94
1846,184.6,1,65
1847,184.7,1,65
1848,184.8,4,65
1849,184.9,1,67
1850,185.0,4,67
1851,185.1,2,71
1852,185.2,2,71
1853,185.3,1,76
1854,185.4,2,59
1855,185.5,1,62
1856,185.6,4,72
1857,185.7,3,77
1858,185.8,4,74
1859,185.9,1,72
1860,186.0,1,74
1861,186.1,2,77
1862,186.2,2,85
1863,186.3,2,66
1864,186.4,5,70
1865,186.5,2,70
1866,186.6,2,78
1867,186.7,2,81
1868,186.8,2,81
1869,186.9,4,82
1870,187.0,2,74
1871,187.1,3,63
1872,187.2,3,69
1873,187.3,4,60
1874,187.4,2,68
1875,187.5,4,68
1876,187.6,5,71
1877,187.7,3,70
1878,187.8,2,70
1879,187.9,3,81
1880,188.0,2,65
1881,188.1,5,72
1882,188.2,3,71
1883,188.3,5,77
1884,188.4,5,76
1885,188.5,5,80
1886,188.6,3,73
1887,188.7,4,67
1888,188.8,3,79
1889,188.9,1,72
1890,189.0,2,57
1891,189.1,2,77
1892,189.2,4,79
1893,189.3,3,78
1894,189.4,3,83
1895,189.5,3,65
1896,189.6,2,82
1897,189.7,3,74
1898,189.8,7,74
1899,189.9,4,88
1900,190.0,3,69
1901,190.1,7,70
1902,190.2,3,70
1903,190.3,3,73
1904,190.4,3,71
1905,190.5,2,71
1906,190.6,3,91
1907,190.7,3,72
1908,190.8,4,71
1909,190.9,4,73
1910,191.0,4,66
1911,191.1,7,73
1912,191.2,2,79
1913,191.3,6,67
1914,191.4,3,63
1915,191.5,4,79
1916,191.6,4,73
1917,191.7,7,74
1918,191.8,3,76
1919,191.9,7,75
1920,192.0,4,67
1921,192.1,2,67
1922,192.2,5,65
1923,192.3,5,81
1924,192.4,4,66
1925,192.5,4,75
1926,192.6,4,68
1927,192.7,4,64
1928,192.8,6,65
1929,192.9,9,68
1930,193.0,8,79
1931,193.1,4,76
1932,193.2,4,73
1933,193.3,8,77
1934,193.4,7,81
1935,193.5,6,83
1936,193.6,5,78
1937,193.7,4,79
1938,193.8,3,73
1939,193.9,6,76
1940,194.0,7,71
1941,194.1,5,81
1942,194.2,6,77
1943,194.3,4,66
1944,194.4,7,73
1945,194.5,5,66
1946,194.6,7,79
1947,194.7,8,84
1948,194.8,6,72
1949,194.9,4,63
1950,195.0,4,65
1951,195.1,2,66
1952,195.2,3,72
1953,195.3,4,67
1954,195.4,3,71
1955,195.5,3,65
1956,195.6,7,78
1957,195.7,3,72
1958,195.8,5,57
1959,195.9,5,70
1960,196.0,5,76
1961,196.1,1,65
1962,196.2,3,65
1963,196.3,3,60
1964,196.4,4,79
1965,196.5,7,71
1966,196.6,0,67
1967,196.7,3,67
1968,196.8,4,66
1969,196.9,4,62
1970,197.0,3,64
1971,197.1,2,81
1972,197.2,6,78
1973,197.3,6,81
1974,197.4,8,83
1975,197.5,3,74
1976,197.6,5,73
1977,197.7,2,70
1978,197.8,5,71
1979,197.9,1,67
1980,198.0,1,73
1981,198.1,4,76
1982,198.2,4,62
1983,198.3,3,65
1984,198.4,4,62
1985,198.5,3,61
1986,198.6,1,59
1987,198.7,1,61
1988,198.8,5,67
1989,198.9,2,71
1990,199.0,5,80
1991,199.1,4,73
1992,199.2,3,75
1993,199.3,2,65
1994,199.4,2,73
1995,199.5,5,64
1996,199.6,3,72
1997,199.7,3,58
1998,199.8,2,73
1999,199.9,3,70
2000,200.0,7,69
