consensus_index,msa_col,resid,aa,has_chi1,phi_mean_deg,phi_std_deg,psi_mean_deg,psi_std_deg,chi1_mean_deg,chi1_std_deg
0,2,3,Y,1,-82.7128,19.2356,140.3527,11.4382,-167.8519,56.9199
1,3,4,L,1,-121.9559,12.6609,-75.7894,43.0208,-74.2411,32.7428
2,6,7,L,1,-108.7631,13.6084,-29.7872,13.5213,-63.8447,8.4454
3,7,8,G,0,-178.9976,17.5446,162.4065,14.7375,,
4,9,10,G,0,-132.5641,28.5601,-170.9635,15.9288,,
5,49,13,G,0,-172.5632,18.3686,-175.5968,13.6180,,
6,51,15,V,1,-120.9205,10.2332,131.3523,7.6137,-168.5017,13.4881
7,52,16,I,1,-128.8514,9.8865,156.2526,9.6715,62.9114,18.0703
8,54,18,V,1,-132.9153,9.3285,157.7806,10.3078,-62.7421,13.5277
11,87,27,Y,1,-141.4025,9.5593,157.3951,10.0739,-62.8415,10.1641
12,88,28,A,0,-92.7615,12.8758,143.5749,14.1032,,
13,89,29,M,1,-126.4495,16.3130,127.6960,11.1316,-179.2531,11.7368
14,90,30,K,1,-105.4387,13.7544,131.3035,8.8394,-167.7387,15.5945
15,91,31,I,1,-129.8351,10.2052,118.7995,10.4317,-59.5199,43.4034
16,92,32,L,1,-116.2552,11.0881,139.2942,10.5701,-55.1361,11.2428
17,120,49,E,1,-60.0088,8.0560,-47.0609,8.3229,-165.0302,29.1308
18,121,50,S,1,-65.7261,8.9167,-21.4046,14.0584,23.6130,71.4905
19,123,52,V,1,-68.6636,9.9790,-34.8654,9.9352,-165.9428,62.4578
20,124,53,L,1,-60.5864,7.7093,-16.7346,10.5261,-74.7505,8.4556
21,127,56,T,1,-76.2310,17.2323,1.5172,51.1387,45.9244,8.5600
22,130,58,H,1,-127.4838,28.8797,143.0670,7.1004,-173.8761,11.8149
23,131,59,P,1,-57.4227,9.8882,-27.9273,10.6014,-11.9433,24.1859
24,132,60,F,1,-90.8136,13.0043,4.4031,11.2898,-56.1708,19.2556
25,133,61,L,1,-117.9382,15.0086,159.6840,13.6936,-57.5818,7.5798
26,134,62,T,1,-90.3238,15.7893,140.3550,9.2812,-58.7871,17.5624
27,136,64,L,1,-78.7460,13.3003,147.6510,11.3221,-170.6459,42.2780
28,138,66,Y,1,-154.3861,11.4862,154.0215,9.6180,-165.8560,49.2798
29,139,67,S,1,-144.1339,11.9927,142.2091,10.5820,98.0317,96.8419
30,140,68,F,1,-152.3191,9.6578,163.9686,12.1875,88.2829,66.4410
31,155,74,L,1,-112.7771,14.8315,134.8061,10.6759,-87.4869,57.3461
32,157,76,F,1,-143.1959,12.4221,145.8956,12.0367,34.6145,42.1323
33,158,77,V,1,-108.4734,15.2231,133.7603,9.3141,-173.3937,15.7885
34,160,79,E,1,-63.1673,10.0399,148.0336,10.8538,-50.5935,58.2030
35,161,80,Y,1,-126.7936,16.3456,147.0705,9.6528,171.9327,10.1264
36,162,81,V,1,-126.8491,11.2914,139.6000,11.1729,-77.4650,21.7011
37,164,83,G,0,-86.0315,25.8018,-20.8794,21.4782,,
38,165,84,G,0,93.0306,25.7739,-161.1478,14.6307,,
39,166,85,E,1,-75.7506,15.9223,131.0459,10.9381,-67.7477,76.5311
40,167,86,L,1,-65.0327,9.0229,-30.4631,8.2969,-166.0727,23.5240
41,171,90,L,1,-66.7840,9.8309,-38.3486,10.5030,-174.2215,18.0513
42,172,91,S,1,-65.6131,10.1833,-20.9680,14.4456,-57.7491,40.7077
44,203,95,V,1,-142.4390,11.0428,149.5320,11.3485,-64.2726,56.4245
45,204,96,F,1,-96.5531,14.1284,158.3766,10.9666,-64.5796,11.0565
46,212,104,Y,1,-70.0932,13.2210,-40.0762,9.5836,-62.7148,10.2304
47,213,105,G,0,-59.9984,10.0154,-39.9083,11.0975,,
48,215,107,E,1,-77.5343,13.8214,-38.7073,10.2077,-65.5174,33.9581
49,216,108,I,1,-66.8330,8.8929,-40.5538,7.5776,-59.9413,12.6782
50,217,109,V,1,-62.4520,8.1868,-38.8229,9.0357,152.2429,55.7538
51,219,111,A,0,-72.0675,10.9692,-43.0681,8.4028,,
52,220,112,L,1,-70.7810,8.7089,-31.2918,7.6358,-71.8922,10.5066
53,222,114,Y,1,-66.1303,8.1979,-39.1563,8.6949,-165.3668,21.3507
54,223,115,L,1,-64.7578,8.7557,-46.6859,7.1363,-105.0340,49.0379
55,224,116,H,1,-65.2150,7.5755,-36.3779,7.8062,-71.7641,7.3722
56,232,120,I,1,-105.2142,13.7178,140.5358,9.9672,-57.9399,10.3294
57,233,121,V,1,-116.6700,12.7243,137.1017,9.2327,-151.9257,58.8760
58,234,122,Y,1,-86.4844,9.9671,-33.9017,7.7910,-170.3750,7.3020
59,235,123,R,1,60.8045,7.6050,-11.1185,20.5694,-53.0886,13.6847
60,237,125,L,1,-68.2147,10.5863,115.0016,13.8900,-171.5768,12.2537
61,238,126,K,1,-138.2230,14.6890,164.5509,9.7641,-37.4467,68.1799
62,239,127,L,1,-62.9678,8.9608,-27.7052,9.2432,-104.0410,47.5907
63,241,129,N,1,-92.3087,11.5556,2.1325,10.5116,-57.5740,8.6857
64,242,130,L,1,-112.3301,12.7513,129.2957,12.1655,-65.9602,13.6316
65,243,131,M,1,-117.1361,14.2128,154.4390,13.0232,-50.8500,9.3282
66,244,132,L,1,-119.9864,16.6605,142.1470,11.5369,-160.9518,49.0169
68,256,136,G,0,90.6864,21.0445,7.7501,24.6668,,
69,258,138,I,1,-106.4688,19.3203,160.2815,11.4814,54.8610,43.5200
70,259,139,K,1,-136.4100,11.8267,140.7048,12.8859,-107.7084,46.1777
71,260,140,I,1,-90.1739,14.6772,140.4502,7.4729,-54.6022,19.2823
72,261,141,T,1,-132.2138,10.3353,-175.9555,9.3516,-165.2575,7.5886
73,262,142,D,1,59.4855,8.7300,62.2516,20.1684,-169.0525,8.0068
74,263,143,F,1,-83.5780,18.8429,13.2284,10.3735,-64.5596,9.6721
75,264,144,G,0,-63.2278,10.3587,-28.0317,12.0686,,
76,265,145,L,1,-92.0025,11.0879,5.1870,8.0698,-97.2545,40.0300
77,268,148,E,1,-103.5258,16.2806,158.7047,10.1108,-59.0547,27.4492
78,269,149,G,0,77.1881,12.0509,15.5288,14.4424,,
81,294,156,M,1,-117.3493,18.6411,151.4888,12.3570,-47.5385,109.7999
82,295,157,K,1,-104.2312,19.8622,-32.7598,21.1858,-140.2777,64.0598
83,306,163,P,1,-61.9493,12.1573,-22.9427,18.4446,-8.9159,26.9969
84,308,165,Y,1,-114.7736,20.2616,10.3753,26.6351,-68.5627,30.5368
85,309,166,L,1,-90.4877,24.4447,168.5909,59.2476,-94.9255,52.9330
86,310,167,A,0,-96.7845,40.0979,153.7952,8.1008,,
87,311,168,P,1,-58.7392,9.8323,-32.1375,9.6760,-5.8662,24.7078
88,312,169,E,1,-64.0070,8.9274,-35.1740,12.3659,55.0897,10.3045
89,313,170,V,1,-81.9684,11.3709,-24.9435,12.1975,-131.0906,58.5615
90,314,171,L,1,-71.4768,12.6199,-24.8551,13.3215,-124.5876,58.5544
91,317,174,N,1,-85.6430,16.7846,163.1451,11.5170,-84.9785,48.7437
92,328,176,Y,1,-130.7914,14.7483,156.3153,11.2894,66.9173,6.6478
93,330,177,G,0,-121.5537,23.2062,-150.3333,18.4395,,
94,348,181,D,1,-71.1373,8.6135,-27.4230,8.9938,-56.6767,8.4815
95,349,182,W,1,-79.6057,9.5783,-31.1963,7.9037,-54.5585,6.3352
96,350,183,W,1,-63.5344,8.2981,-43.8663,7.3929,177.8260,7.7324
97,351,184,G,0,-57.7626,8.9155,-43.1143,9.8875,,
98,352,185,L,1,-61.2886,8.7391,-39.8102,7.5732,-177.1272,8.4911
99,353,186,G,0,-59.1806,9.0768,-45.3105,10.4069,,
100,354,187,V,1,-69.0842,9.2142,-37.1730,10.0831,-140.0669,67.2372
101,355,188,V,1,-68.8978,10.5463,-44.3199,10.2852,-177.2093,67.6234
102,356,189,M,1,-70.7444,8.9879,-31.0707,9.1927,-74.9325,26.5119
103,357,190,Y,1,-64.7174,8.4956,-47.1664,7.7295,-169.3102,7.0920
104,358,191,E,1,-64.6432,8.1484,-33.6842,9.0163,-157.8323,40.5552
105,359,192,M,1,-66.0004,10.5848,-37.6159,13.6235,-78.6121,37.6394
106,360,193,M,1,-95.8004,16.8428,-28.5644,11.9537,-77.6889,40.2315
107,361,194,C,1,-107.6468,14.6333,-11.6826,10.4821,-56.4338,11.6199
108,363,195,G,0,76.3684,10.4255,-0.9462,18.4251,,
109,365,197,L,1,-69.2117,11.1914,147.7288,11.1648,-69.7707,43.1200
110,366,198,P,1,-68.3343,9.2758,-28.4616,13.0484,16.5500,14.7990
111,367,199,F,1,-130.3191,16.1404,64.5471,73.9415,-34.9365,36.2651
112,389,206,K,1,-90.2431,20.7008,-25.5628,45.2603,-121.9745,59.4093
113,390,207,L,1,-67.3536,24.4906,-38.3057,11.9687,-161.2308,42.2626
114,391,208,F,1,-60.1591,13.3664,-38.1748,13.2916,-164.2174,77.4313
115,394,211,I,1,-74.6984,16.0081,-41.3318,11.8394,-65.1100,20.3328
116,395,212,L,1,-94.2561,15.2468,-28.6976,15.0394,-92.0123,53.5650
117,397,214,E,1,-98.1233,24.6979,150.3440,13.3698,-120.4439,64.1006
120,418,217,K,1,-116.6489,16.5148,154.7983,10.5822,-62.5134,34.7214
121,419,218,F,1,-133.0292,10.9250,149.3186,10.3213,-58.9833,11.0247
122,449,219,P,1,-66.9558,10.6876,155.2258,12.3523,11.3338,24.6311
123,450,220,R,1,-71.4529,11.7036,-3.8497,24.7840,-88.9938,94.5793
125,465,222,L,1,-88.9495,21.5323,145.9326,10.5338,-68.4750,43.0436
126,469,226,A,0,-64.5265,9.1131,-43.0407,7.9385,,
127,484,229,L,1,-64.6995,9.1540,-51.1055,7.2765,-179.3056,7.7333
128,485,230,L,1,-64.7200,8.3697,-39.1446,9.5356,-68.7177,11.8108
129,488,233,L,1,-74.2034,9.7888,-29.2890,9.9801,-66.8459,6.6176
130,489,234,L,1,-100.8283,12.6051,32.1639,13.0255,-60.8207,6.8140
131,492,237,D,1,-79.5774,15.0844,117.7336,7.9921,-177.9975,7.3329
132,493,238,P,1,-65.5849,9.2700,-17.7720,10.6706,20.1512,17.5482
133,496,241,R,1,-59.1069,12.2013,143.7830,8.2489,-163.7403,12.8579
134,497,242,L,1,-61.7925,8.4599,128.3119,9.4015,-144.3484,49.9032
135,521,248,D,1,50.7110,7.6601,-121.2164,9.8253,-171.9846,7.9942
136,525,252,I,1,-72.3695,10.3106,-43.4335,7.9603,-53.2732,10.5804
137,526,253,M,1,-65.9736,9.4940,-17.7905,14.4242,-74.1341,31.3530
138,529,256,S,1,-61.9726,10.3431,-15.7309,11.0457,16.9282,64.6902
